date,sitename,city,lat,lon,scientificname,trait_description,cultivar,plant_height_cm
2014-08-17 19:00:00-05:00,Clemson University Pee Dee Research and Education Center,Florence,34.289,-79.737,Sorghum bicolor,Maximum vertical height from the base of the plant.,PI535783,187.0
2014-08-17 19:00:00-05:00,Clemson University Pee Dee Research and Education Center,Florence,34.289,-79.737,Sorghum bicolor,Maximum vertical height from the base of the plant.,PI533902,163.0
2014-08-17 19:00:00-05:00,Clemson University Pee Dee Research and Education Center,Florence,34.289,-79.737,Sorghum bicolor,Maximum vertical height from the base of the plant.,PI92270,195.0
2014-08-17 19:00:00-05:00,Clemson University Pee Dee Research and Education Center,Florence,34.289,-79.737,Sorghum bicolor,Maximum vertical height from the base of the plant.,PI542718,141.0
2014-08-17 19:00:00-05:00,Clemson University Pee Dee Research and Education Center,Florence,34.289,-79.737,Sorghum bicolor,Maximum vertical height from the base of the plant.,PI535795,206.0
2014-08-17 19:00:00-05:00,Clemson University Pee Dee Research and Education Center,Florence,34.289,-79.737,Sorghum bicolor,Maximum vertical height from the base of the plant.,PI655981,191.0
2014-08-17 19:00:00-05:00,Clemson University Pee Dee Research and Education Center,Florence,34.289,-79.737,Sorghum bicolor,Maximum vertical height from the base of the plant.,PI253986,227.0
2014-08-17 19:00:00-05:00,Clemson University Pee Dee Research and Education Center,Florence,34.289,-79.737,Sorghum bicolor,Maximum vertical height from the base of the plant.,PI641836,193.0
2014-08-17 19:00:00-05:00,Clemson University Pee Dee Research and Education Center,Florence,34.289,-79.737,Sorghum bicolor,Maximum vertical height from the base of the plant.,PI550604,138.0
2014-08-17 19:00:00-05:00,Clemson University Pee Dee Research and Education Center,Florence,34.289,-79.737,Sorghum bicolor,Maximum vertical height from the base of the plant.,PI535796,153.0
2014-08-17 19:00:00-05:00,Clemson University Pee Dee Research and Education Center,Florence,34.289,-79.737,Sorghum bicolor,Maximum vertical height from the base of the plant.,PI218112,195.0
2014-08-17 19:00:00-05:00,Clemson University Pee Dee Research and Education Center,Florence,34.289,-79.737,Sorghum bicolor,Maximum vertical height from the base of the plant.,PI181899,190.0
2014-08-17 19:00:00-05:00,Clemson University Pee Dee Research and Education Center,Florence,34.289,-79.737,Sorghum bicolor,Maximum vertical height from the base of the plant.,PI576399,173.0
2014-08-21 19:00:00-05:00,Clemson University Pee Dee Research and Education Center,Florence,34.289,-79.737,Sorghum bicolor,Maximum vertical height from the base of the plant.,PI540518,249.0
2014-08-21 19:00:00-05:00,Clemson University Pee Dee Research and Education Center,Florence,34.289,-79.737,Sorghum bicolor,Maximum vertical height from the base of the plant.,PI641817,224.0
2014-08-21 19:00:00-05:00,Clemson University Pee Dee Research and Education Center,Florence,34.289,-79.737,Sorghum bicolor,Maximum vertical height from the base of the plant.,PI641830,224.0
2014-08-21 19:00:00-05:00,Clemson University Pee Dee Research and Education Center,Florence,34.289,-79.737,Sorghum bicolor,Maximum vertical height from the base of the plant.,PI535792,102.0
2014-08-21 19:00:00-05:00,Clemson University Pee Dee Research and Education Center,Florence,34.289,-79.737,Sorghum bicolor,Maximum vertical height from the base of the plant.,PI181080,235.0
2014-08-21 19:00:00-05:00,Clemson University Pee Dee Research and Education Center,Florence,34.289,-79.737,Sorghum bicolor,Maximum vertical height from the base of the plant.,PI656035,199.0
2014-08-23 19:00:00-05:00,Clemson University Pee Dee Research and Education Center,Florence,34.289,-79.737,Sorghum bicolor,Maximum vertical height from the base of the plant.,PI593916,120.0
2014-08-23 19:00:00-05:00,Clemson University Pee Dee Research and Education Center,Florence,34.289,-79.737,Sorghum bicolor,Maximum vertical height from the base of the plant.,PI561840,172.0
2014-08-23 19:00:00-05:00,Clemson University Pee Dee Research and Education Center,Florence,34.289,-79.737,Sorghum bicolor,Maximum vertical height from the base of the plant.,PI533998,184.0
2014-08-23 19:00:00-05:00,Clemson University Pee Dee Research and Education Center,Florence,34.289,-79.737,Sorghum bicolor,Maximum vertical height from the base of the plant.,PI641807,203.0
2014-08-25 19:00:00-05:00,Clemson University Pee Dee Research and Education Center,Florence,34.289,-79.737,Sorghum bicolor,Maximum vertical height from the base of the plant.,PI655972,173.0
2014-08-25 19:00:00-05:00,Clemson University Pee Dee Research and Education Center,Florence,34.289,-79.737,Sorghum bicolor,Maximum vertical height from the base of the plant.,PI642998,318.0
2014-08-25 19:00:00-05:00,Clemson University Pee Dee Research and Education Center,Florence,34.289,-79.737,Sorghum bicolor,Maximum vertical height from the base of the plant.,PI176766,323.0
2014-08-25 19:00:00-05:00,Clemson University Pee Dee Research and Education Center,Florence,34.289,-79.737,Sorghum bicolor,Maximum vertical height from the base of the plant.,PI641815,219.0
2014-08-25 19:00:00-05:00,Clemson University Pee Dee Research and Education Center,Florence,34.289,-79.737,Sorghum bicolor,Maximum vertical height from the base of the plant.,PI641862,213.0
2014-08-25 19:00:00-05:00,Clemson University Pee Dee Research and Education Center,Florence,34.289,-79.737,Sorghum bicolor,Maximum vertical height from the base of the plant.,PI180348,178.0
2014-08-25 19:00:00-05:00,Clemson University Pee Dee Research and Education Center,Florence,34.289,-79.737,Sorghum bicolor,Maximum vertical height from the base of the plant.,PI297155,236.0
2014-08-25 19:00:00-05:00,Clemson University Pee Dee Research and Education Center,Florence,34.289,-79.737,Sorghum bicolor,Maximum vertical height from the base of the plant.,PI157804,257.0
2014-08-25 19:00:00-05:00,Clemson University Pee Dee Research and Education Center,Florence,34.289,-79.737,Sorghum bicolor,Maximum vertical height from the base of the plant.,PI534165,62.0
2014-08-27 19:00:00-05:00,Clemson University Pee Dee Research and Education Center,Florence,34.289,-79.737,Sorghum bicolor,Maximum vertical height from the base of the plant.,PI641821,204.0
2014-08-27 19:00:00-05:00,Clemson University Pee Dee Research and Education Center,Florence,34.289,-79.737,Sorghum bicolor,Maximum vertical height from the base of the plant.,PI181083,180.0
2014-08-29 19:00:00-05:00,Clemson University Pee Dee Research and Education Center,Florence,34.289,-79.737,Sorghum bicolor,Maximum vertical height from the base of the plant.,PI179749,200.0
2014-08-29 19:00:00-05:00,Clemson University Pee Dee Research and Education Center,Florence,34.289,-79.737,Sorghum bicolor,Maximum vertical height from the base of the plant.,PI19770,277.0
2014-08-30 19:00:00-05:00,Clemson University Pee Dee Research and Education Center,Florence,34.289,-79.737,Sorghum bicolor,Maximum vertical height from the base of the plant.,PI175919,225.0
2014-08-30 19:00:00-05:00,Clemson University Pee Dee Research and Education Center,Florence,34.289,-79.737,Sorghum bicolor,Maximum vertical height from the base of the plant.,PI641835,270.0
2014-08-30 19:00:00-05:00,Clemson University Pee Dee Research and Education Center,Florence,34.289,-79.737,Sorghum bicolor,Maximum vertical height from the base of the plant.,PI144134,269.0
2014-08-30 19:00:00-05:00,Clemson University Pee Dee Research and Education Center,Florence,34.289,-79.737,Sorghum bicolor,Maximum vertical height from the base of the plant.,PI656065,176.0
2014-08-30 19:00:00-05:00,Clemson University Pee Dee Research and Education Center,Florence,34.289,-79.737,Sorghum bicolor,Maximum vertical height from the base of the plant.,PI365512,90.0
2014-08-30 19:00:00-05:00,Clemson University Pee Dee Research and Education Center,Florence,34.289,-79.737,Sorghum bicolor,Maximum vertical height from the base of the plant.,PI526905,121.0
2014-08-30 19:00:00-05:00,Clemson University Pee Dee Research and Education Center,Florence,34.289,-79.737,Sorghum bicolor,Maximum vertical height from the base of the plant.,PI641810,233.0
2014-08-31 19:00:00-05:00,Clemson University Pee Dee Research and Education Center,Florence,34.289,-79.737,Sorghum bicolor,Maximum vertical height from the base of the plant.,PI641824,255.0
2014-08-31 19:00:00-05:00,Clemson University Pee Dee Research and Education Center,Florence,34.289,-79.737,Sorghum bicolor,Maximum vertical height from the base of the plant.,PI586499,288.0
2014-08-31 19:00:00-05:00,Clemson University Pee Dee Research and Education Center,Florence,34.289,-79.737,Sorghum bicolor,Maximum vertical height from the base of the plant.,PI196586,221.0
2014-08-31 19:00:00-05:00,Clemson University Pee Dee Research and Education Center,Florence,34.289,-79.737,Sorghum bicolor,Maximum vertical height from the base of the plant.,PI170787,232.0
2014-08-31 19:00:00-05:00,Clemson University Pee Dee Research and Education Center,Florence,34.289,-79.737,Sorghum bicolor,Maximum vertical height from the base of the plant.,PI656026,114.0
2014-08-31 19:00:00-05:00,Clemson University Pee Dee Research and Education Center,Florence,34.289,-79.737,Sorghum bicolor,Maximum vertical height from the base of the plant.,PI195754,237.0
2014-08-31 19:00:00-05:00,Clemson University Pee Dee Research and Education Center,Florence,34.289,-79.737,Sorghum bicolor,Maximum vertical height from the base of the plant.,PI535794,114.0
2014-08-31 19:00:00-05:00,Clemson University Pee Dee Research and Education Center,Florence,34.289,-79.737,Sorghum bicolor,Maximum vertical height from the base of the plant.,PI154988,153.0
2014-08-31 19:00:00-05:00,Clemson University Pee Dee Research and Education Center,Florence,34.289,-79.737,Sorghum bicolor,Maximum vertical height from the base of the plant.,PI35038,233.0
2014-08-31 19:00:00-05:00,Clemson University Pee Dee Research and Education Center,Florence,34.289,-79.737,Sorghum bicolor,Maximum vertical height from the base of the plant.,PI329435,154.0
2014-08-31 19:00:00-05:00,Clemson University Pee Dee Research and Education Center,Florence,34.289,-79.737,Sorghum bicolor,Maximum vertical height from the base of the plant.,PI534120,101.0
2014-08-31 19:00:00-05:00,Clemson University Pee Dee Research and Education Center,Florence,34.289,-79.737,Sorghum bicolor,Maximum vertical height from the base of the plant.,PI656015,160.0
2014-08-31 19:00:00-05:00,Clemson University Pee Dee Research and Education Center,Florence,34.289,-79.737,Sorghum bicolor,Maximum vertical height from the base of the plant.,PI641860,253.0
2014-08-31 19:00:00-05:00,Clemson University Pee Dee Research and Education Center,Florence,34.289,-79.737,Sorghum bicolor,Maximum vertical height from the base of the plant.,PI250583,278.0
2014-08-31 19:00:00-05:00,Clemson University Pee Dee Research and Education Center,Florence,34.289,-79.737,Sorghum bicolor,Maximum vertical height from the base of the plant.,PI535793,146.0
2014-08-31 19:00:00-05:00,Clemson University Pee Dee Research and Education Center,Florence,34.289,-79.737,Sorghum bicolor,Maximum vertical height from the base of the plant.,PI63715,232.0
2014-08-31 19:00:00-05:00,Clemson University Pee Dee Research and Education Center,Florence,34.289,-79.737,Sorghum bicolor,Maximum vertical height from the base of the plant.,PI535785,240.0
2014-09-02 19:00:00-05:00,Clemson University Pee Dee Research and Education Center,Florence,34.289,-79.737,Sorghum bicolor,Maximum vertical height from the base of the plant.,PI147224,290.0
2014-09-02 19:00:00-05:00,Clemson University Pee Dee Research and Education Center,Florence,34.289,-79.737,Sorghum bicolor,Maximum vertical height from the base of the plant.,PI22913,303.0
2014-09-02 19:00:00-05:00,Clemson University Pee Dee Research and Education Center,Florence,34.289,-79.737,Sorghum bicolor,Maximum vertical height from the base of the plant.,PI641829,252.0
2014-09-02 19:00:00-05:00,Clemson University Pee Dee Research and Education Center,Florence,34.289,-79.737,Sorghum bicolor,Maximum vertical height from the base of the plant.,PI197542,189.0
2014-09-04 19:00:00-05:00,Clemson University Pee Dee Research and Education Center,Florence,34.289,-79.737,Sorghum bicolor,Maximum vertical height from the base of the plant.,PI564163,113.0
2014-09-04 19:00:00-05:00,Clemson University Pee Dee Research and Education Center,Florence,34.289,-79.737,Sorghum bicolor,Maximum vertical height from the base of the plant.,PI226096,336.0
2014-09-06 19:00:00-05:00,Clemson University Pee Dee Research and Education Center,Florence,34.289,-79.737,Sorghum bicolor,Maximum vertical height from the base of the plant.,PI655983,270.0
2014-09-06 19:00:00-05:00,Clemson University Pee Dee Research and Education Center,Florence,34.289,-79.737,Sorghum bicolor,Maximum vertical height from the base of the plant.,PI145633,241.0
2014-09-06 19:00:00-05:00,Clemson University Pee Dee Research and Education Center,Florence,34.289,-79.737,Sorghum bicolor,Maximum vertical height from the base of the plant.,PI52606,154.0
2014-09-06 19:00:00-05:00,Clemson University Pee Dee Research and Education Center,Florence,34.289,-79.737,Sorghum bicolor,Maximum vertical height from the base of the plant.,PI213900,293.0
2014-09-06 19:00:00-05:00,Clemson University Pee Dee Research and Education Center,Florence,34.289,-79.737,Sorghum bicolor,Maximum vertical height from the base of the plant.,PI576401,125.0
2014-09-07 19:00:00-05:00,Clemson University Pee Dee Research and Education Center,Florence,34.289,-79.737,Sorghum bicolor,Maximum vertical height from the base of the plant.,PI300119,260.0
2014-09-07 19:00:00-05:00,Clemson University Pee Dee Research and Education Center,Florence,34.289,-79.737,Sorghum bicolor,Maximum vertical height from the base of the plant.,PI562717,300.0
2014-09-08 19:00:00-05:00,Clemson University Pee Dee Research and Education Center,Florence,34.289,-79.737,Sorghum bicolor,Maximum vertical height from the base of the plant.,PI155760,304.0
2014-09-08 19:00:00-05:00,Clemson University Pee Dee Research and Education Center,Florence,34.289,-79.737,Sorghum bicolor,Maximum vertical height from the base of the plant.,PI196598,227.0
2014-09-08 19:00:00-05:00,Clemson University Pee Dee Research and Education Center,Florence,34.289,-79.737,Sorghum bicolor,Maximum vertical height from the base of the plant.,PI586537,244.0
2014-09-08 19:00:00-05:00,Clemson University Pee Dee Research and Education Center,Florence,34.289,-79.737,Sorghum bicolor,Maximum vertical height from the base of the plant.,PI302252,316.0
2014-09-08 19:00:00-05:00,Clemson University Pee Dee Research and Education Center,Florence,34.289,-79.737,Sorghum bicolor,Maximum vertical height from the base of the plant.,PI146890,330.0
2014-09-09 19:00:00-05:00,Clemson University Pee Dee Research and Education Center,Florence,34.289,-79.737,Sorghum bicolor,Maximum vertical height from the base of the plant.,PI527045,141.0
2014-09-11 19:00:00-05:00,Clemson University Pee Dee Research and Education Center,Florence,34.289,-79.737,Sorghum bicolor,Maximum vertical height from the base of the plant.,PI300118,332.0
2014-09-14 19:00:00-05:00,Clemson University Pee Dee Research and Education Center,Florence,34.289,-79.737,Sorghum bicolor,Maximum vertical height from the base of the plant.,PI255744,292.0
2014-09-14 19:00:00-05:00,Clemson University Pee Dee Research and Education Center,Florence,34.289,-79.737,Sorghum bicolor,Maximum vertical height from the base of the plant.,PI156890,300.0
2014-09-14 19:00:00-05:00,Clemson University Pee Dee Research and Education Center,Florence,34.289,-79.737,Sorghum bicolor,Maximum vertical height from the base of the plant.,PI641807,262.0
2014-09-14 19:00:00-05:00,Clemson University Pee Dee Research and Education Center,Florence,34.289,-79.737,Sorghum bicolor,Maximum vertical height from the base of the plant.,PI653616,338.0
2014-09-14 19:00:00-05:00,Clemson University Pee Dee Research and Education Center,Florence,34.289,-79.737,Sorghum bicolor,Maximum vertical height from the base of the plant.,PI586435,273.0
2014-09-14 19:00:00-05:00,Clemson University Pee Dee Research and Education Center,Florence,34.289,-79.737,Sorghum bicolor,Maximum vertical height from the base of the plant.,PI196583,313.0
2014-09-14 19:00:00-05:00,Clemson University Pee Dee Research and Education Center,Florence,34.289,-79.737,Sorghum bicolor,Maximum vertical height from the base of the plant.,PI641834,257.0
2014-09-16 19:00:00-05:00,Clemson University Pee Dee Research and Education Center,Florence,34.289,-79.737,Sorghum bicolor,Maximum vertical height from the base of the plant.,PI533792,89.5
2014-09-17 19:00:00-05:00,Clemson University Pee Dee Research and Education Center,Florence,34.289,-79.737,Sorghum bicolor,Maximum vertical height from the base of the plant.,PI641850,325.0
2014-09-17 19:00:00-05:00,Clemson University Pee Dee Research and Education Center,Florence,34.289,-79.737,Sorghum bicolor,Maximum vertical height from the base of the plant.,PI651491,383.0
2014-09-17 19:00:00-05:00,Clemson University Pee Dee Research and Education Center,Florence,34.289,-79.737,Sorghum bicolor,Maximum vertical height from the base of the plant.,PI330199,474.0
2014-09-17 19:00:00-05:00,Clemson University Pee Dee Research and Education Center,Florence,34.289,-79.737,Sorghum bicolor,Maximum vertical height from the base of the plant.,PI251672,318.0
2014-09-17 19:00:00-05:00,Clemson University Pee Dee Research and Education Center,Florence,34.289,-79.737,Sorghum bicolor,Maximum vertical height from the base of the plant.,PI586541,322.0
2014-09-17 19:00:00-05:00,Clemson University Pee Dee Research and Education Center,Florence,34.289,-79.737,Sorghum bicolor,Maximum vertical height from the base of the plant.,PI167093,400.0
2014-09-17 19:00:00-05:00,Clemson University Pee Dee Research and Education Center,Florence,34.289,-79.737,Sorghum bicolor,Maximum vertical height from the base of the plant.,PI653616,320.0
2014-09-17 19:00:00-05:00,Clemson University Pee Dee Research and Education Center,Florence,34.289,-79.737,Sorghum bicolor,Maximum vertical height from the base of the plant.,PI569244,425.0
2014-09-17 19:00:00-05:00,Clemson University Pee Dee Research and Education Center,Florence,34.289,-79.737,Sorghum bicolor,Maximum vertical height from the base of the plant.,PI655978,97.0
2014-09-18 19:00:00-05:00,Clemson University Pee Dee Research and Education Center,Florence,34.289,-79.737,Sorghum bicolor,Maximum vertical height from the base of the plant.,PI566819,353.0
2014-09-19 19:00:00-05:00,Clemson University Pee Dee Research and Education Center,Florence,34.289,-79.737,Sorghum bicolor,Maximum vertical height from the base of the plant.,PI152828,184.0
2014-09-20 19:00:00-05:00,Clemson University Pee Dee Research and Education Center,Florence,34.289,-79.737,Sorghum bicolor,Maximum vertical height from the base of the plant.,PI291246,340.0
2014-09-20 19:00:00-05:00,Clemson University Pee Dee Research and Education Center,Florence,34.289,-79.737,Sorghum bicolor,Maximum vertical height from the base of the plant.,PI651495,348.0
2014-09-27 19:00:00-05:00,Clemson University Pee Dee Research and Education Center,Florence,34.289,-79.737,Sorghum bicolor,Maximum vertical height from the base of the plant.,PI329466,518.0
2014-09-28 19:00:00-05:00,Clemson University Pee Dee Research and Education Center,Florence,34.289,-79.737,Sorghum bicolor,Maximum vertical height from the base of the plant.,PI651496,358.0
2014-09-28 19:00:00-05:00,Clemson University Pee Dee Research and Education Center,Florence,34.289,-79.737,Sorghum bicolor,Maximum vertical height from the base of the plant.,PI221548,258.0
2014-09-28 19:00:00-05:00,Clemson University Pee Dee Research and Education Center,Florence,34.289,-79.737,Sorghum bicolor,Maximum vertical height from the base of the plant.,PI569090,375.0
2014-09-28 19:00:00-05:00,Clemson University Pee Dee Research and Education Center,Florence,34.289,-79.737,Sorghum bicolor,Maximum vertical height from the base of the plant.,RIO,333.0
2014-09-29 19:00:00-05:00,Clemson University Pee Dee Research and Education Center,Florence,34.289,-79.737,Sorghum bicolor,Maximum vertical height from the base of the plant.,PI152694,398.0
2014-09-29 19:00:00-05:00,Clemson University Pee Dee Research and Education Center,Florence,34.289,-79.737,Sorghum bicolor,Maximum vertical height from the base of the plant.,PI641892,262.0
2014-09-30 19:00:00-05:00,Clemson University Pee Dee Research and Education Center,Florence,34.289,-79.737,Sorghum bicolor,Maximum vertical height from the base of the plant.,PI145619,207.0
2014-09-30 19:00:00-05:00,Clemson University Pee Dee Research and Education Center,Florence,34.289,-79.737,Sorghum bicolor,Maximum vertical height from the base of the plant.,PI329301,300.0
2014-10-01 19:00:00-05:00,Clemson University Pee Dee Research and Education Center,Florence,34.289,-79.737,Sorghum bicolor,Maximum vertical height from the base of the plant.,PI145626,305.0
2014-10-02 19:00:00-05:00,Clemson University Pee Dee Research and Education Center,Florence,34.289,-79.737,Sorghum bicolor,Maximum vertical height from the base of the plant.,PI229841,320.0
2014-10-02 19:00:00-05:00,Clemson University Pee Dee Research and Education Center,Florence,34.289,-79.737,Sorghum bicolor,Maximum vertical height from the base of the plant.,PI651493,347.0
2014-10-04 19:00:00-05:00,Clemson University Pee Dee Research and Education Center,Florence,34.289,-79.737,Sorghum bicolor,Maximum vertical height from the base of the plant.,PI329256,400.0
2014-10-04 19:00:00-05:00,Clemson University Pee Dee Research and Education Center,Florence,34.289,-79.737,Sorghum bicolor,Maximum vertical height from the base of the plant.,PI152728,355.0
2014-10-04 19:00:00-05:00,Clemson University Pee Dee Research and Education Center,Florence,34.289,-79.737,Sorghum bicolor,Maximum vertical height from the base of the plant.,PI330185,405.0
2014-10-04 19:00:00-05:00,Clemson University Pee Dee Research and Education Center,Florence,34.289,-79.737,Sorghum bicolor,Maximum vertical height from the base of the plant.,PI329646,490.0
2014-10-04 19:00:00-05:00,Clemson University Pee Dee Research and Education Center,Florence,34.289,-79.737,Sorghum bicolor,Maximum vertical height from the base of the plant.,PI569097,445.0
2014-10-05 19:00:00-05:00,Clemson University Pee Dee Research and Education Center,Florence,34.289,-79.737,Sorghum bicolor,Maximum vertical height from the base of the plant.,PI329584,405.0
2014-10-05 19:00:00-05:00,Clemson University Pee Dee Research and Education Center,Florence,34.289,-79.737,Sorghum bicolor,Maximum vertical height from the base of the plant.,PI329480,470.0
2014-10-05 19:00:00-05:00,Clemson University Pee Dee Research and Education Center,Florence,34.289,-79.737,Sorghum bicolor,Maximum vertical height from the base of the plant.,PI152923,310.0
2014-10-05 19:00:00-05:00,Clemson University Pee Dee Research and Education Center,Florence,34.289,-79.737,Sorghum bicolor,Maximum vertical height from the base of the plant.,PI156871,340.0
2014-10-05 19:00:00-05:00,Clemson University Pee Dee Research and Education Center,Florence,34.289,-79.737,Sorghum bicolor,Maximum vertical height from the base of the plant.,PI329471,480.0
2014-10-05 19:00:00-05:00,Clemson University Pee Dee Research and Education Center,Florence,34.289,-79.737,Sorghum bicolor,Maximum vertical height from the base of the plant.,PI570073,285.0
2014-10-05 19:00:00-05:00,Clemson University Pee Dee Research and Education Center,Florence,34.289,-79.737,Sorghum bicolor,Maximum vertical height from the base of the plant.,PI329569,525.0
2014-10-06 19:00:00-05:00,Clemson University Pee Dee Research and Education Center,Florence,34.289,-79.737,Sorghum bicolor,Maximum vertical height from the base of the plant.,PI455280,400.0
2014-10-06 19:00:00-05:00,Clemson University Pee Dee Research and Education Center,Florence,34.289,-79.737,Sorghum bicolor,Maximum vertical height from the base of the plant.,PI570400,334.0
2014-10-06 19:00:00-05:00,Clemson University Pee Dee Research and Education Center,Florence,34.289,-79.737,Sorghum bicolor,Maximum vertical height from the base of the plant.,PI570087,362.0
2014-10-06 19:00:00-05:00,Clemson University Pee Dee Research and Education Center,Florence,34.289,-79.737,Sorghum bicolor,Maximum vertical height from the base of the plant.,PI569452,429.0
2014-10-06 19:00:00-05:00,Clemson University Pee Dee Research and Education Center,Florence,34.289,-79.737,Sorghum bicolor,Maximum vertical height from the base of the plant.,PI570075,368.0
2014-10-06 19:00:00-05:00,Clemson University Pee Dee Research and Education Center,Florence,34.289,-79.737,Sorghum bicolor,Maximum vertical height from the base of the plant.,PI267573,454.0
2014-10-06 19:00:00-05:00,Clemson University Pee Dee Research and Education Center,Florence,34.289,-79.737,Sorghum bicolor,Maximum vertical height from the base of the plant.,PI329299,422.0
2014-10-06 19:00:00-05:00,Clemson University Pee Dee Research and Education Center,Florence,34.289,-79.737,Sorghum bicolor,Maximum vertical height from the base of the plant.,PI570071,356.0
2014-10-06 19:00:00-05:00,Clemson University Pee Dee Research and Education Center,Florence,34.289,-79.737,Sorghum bicolor,Maximum vertical height from the base of the plant.,PI329710,445.0
2014-10-06 19:00:00-05:00,Clemson University Pee Dee Research and Education Center,Florence,34.289,-79.737,Sorghum bicolor,Maximum vertical height from the base of the plant.,PI157030,382.0
2014-10-06 19:00:00-05:00,Clemson University Pee Dee Research and Education Center,Florence,34.289,-79.737,Sorghum bicolor,Maximum vertical height from the base of the plant.,PI329319,370.0
2014-10-06 19:00:00-05:00,Clemson University Pee Dee Research and Education Center,Florence,34.289,-79.737,Sorghum bicolor,Maximum vertical height from the base of the plant.,PI562985,359.0
2014-10-06 19:00:00-05:00,Clemson University Pee Dee Research and Education Center,Florence,34.289,-79.737,Sorghum bicolor,Maximum vertical height from the base of the plant.,PI152965,197.0
2014-10-06 19:00:00-05:00,Clemson University Pee Dee Research and Education Center,Florence,34.289,-79.737,Sorghum bicolor,Maximum vertical height from the base of the plant.,PI585577,268.0
2014-10-06 19:00:00-05:00,Clemson University Pee Dee Research and Education Center,Florence,34.289,-79.737,Sorghum bicolor,Maximum vertical height from the base of the plant.,PI152961,348.0
2014-10-06 19:00:00-05:00,Clemson University Pee Dee Research and Education Center,Florence,34.289,-79.737,Sorghum bicolor,Maximum vertical height from the base of the plant.,PI569148,433.0
2014-10-06 19:00:00-05:00,Clemson University Pee Dee Research and Education Center,Florence,34.289,-79.737,Sorghum bicolor,Maximum vertical height from the base of the plant.,PI297171,372.0
2014-10-06 19:00:00-05:00,Clemson University Pee Dee Research and Education Center,Florence,34.289,-79.737,Sorghum bicolor,Maximum vertical height from the base of the plant.,PI653617,342.0
2014-10-06 19:00:00-05:00,Clemson University Pee Dee Research and Education Center,Florence,34.289,-79.737,Sorghum bicolor,Maximum vertical height from the base of the plant.,PI570039,368.0
2014-10-07 19:00:00-05:00,Clemson University Pee Dee Research and Education Center,Florence,34.289,-79.737,Sorghum bicolor,Maximum vertical height from the base of the plant.,PI257599,318.0
2014-10-07 19:00:00-05:00,Clemson University Pee Dee Research and Education Center,Florence,34.289,-79.737,Sorghum bicolor,Maximum vertical height from the base of the plant.,PI651497,382.0
2014-10-07 19:00:00-05:00,Clemson University Pee Dee Research and Education Center,Florence,34.289,-79.737,Sorghum bicolor,Maximum vertical height from the base of the plant.,PI569433,276.0
2014-10-07 19:00:00-05:00,Clemson University Pee Dee Research and Education Center,Florence,34.289,-79.737,Sorghum bicolor,Maximum vertical height from the base of the plant.,PI570091,336.0
2014-10-07 19:00:00-05:00,Clemson University Pee Dee Research and Education Center,Florence,34.289,-79.737,Sorghum bicolor,Maximum vertical height from the base of the plant.,PI570047,289.0
2014-10-07 19:00:00-05:00,Clemson University Pee Dee Research and Education Center,Florence,34.289,-79.737,Sorghum bicolor,Maximum vertical height from the base of the plant.,PI329338,400.0
2014-10-07 19:00:00-05:00,Clemson University Pee Dee Research and Education Center,Florence,34.289,-79.737,Sorghum bicolor,Maximum vertical height from the base of the plant.,PI563329,460.0
2014-10-07 19:00:00-05:00,Clemson University Pee Dee Research and Education Center,Florence,34.289,-79.737,Sorghum bicolor,Maximum vertical height from the base of the plant.,PI569421,272.0
2014-10-07 19:00:00-05:00,Clemson University Pee Dee Research and Education Center,Florence,34.289,-79.737,Sorghum bicolor,Maximum vertical height from the base of the plant.,PI329286,385.0
2014-10-07 19:00:00-05:00,Clemson University Pee Dee Research and Education Center,Florence,34.289,-79.737,Sorghum bicolor,Maximum vertical height from the base of the plant.,PI156330,348.0
2014-10-07 19:00:00-05:00,Clemson University Pee Dee Research and Education Center,Florence,34.289,-79.737,Sorghum bicolor,Maximum vertical height from the base of the plant.,PI521019,409.0
2014-10-07 19:00:00-05:00,Clemson University Pee Dee Research and Education Center,Florence,34.289,-79.737,Sorghum bicolor,Maximum vertical height from the base of the plant.,PI563222,326.0
2014-10-07 19:00:00-05:00,Clemson University Pee Dee Research and Education Center,Florence,34.289,-79.737,Sorghum bicolor,Maximum vertical height from the base of the plant.,PI330196,485.0
2014-10-07 19:00:00-05:00,Clemson University Pee Dee Research and Education Center,Florence,34.289,-79.737,Sorghum bicolor,Maximum vertical height from the base of the plant.,PI329403,495.0
2014-10-07 19:00:00-05:00,Clemson University Pee Dee Research and Education Center,Florence,34.289,-79.737,Sorghum bicolor,Maximum vertical height from the base of the plant.,PI152727,346.0
2014-10-07 19:00:00-05:00,Clemson University Pee Dee Research and Education Center,Florence,34.289,-79.737,Sorghum bicolor,Maximum vertical height from the base of the plant.,PI563196,411.0
2014-10-07 19:00:00-05:00,Clemson University Pee Dee Research and Education Center,Florence,34.289,-79.737,Sorghum bicolor,Maximum vertical height from the base of the plant.,PI573193,327.0
2014-10-07 19:00:00-05:00,Clemson University Pee Dee Research and Education Center,Florence,34.289,-79.737,Sorghum bicolor,Maximum vertical height from the base of the plant.,PI329673,379.0
2014-10-08 19:00:00-05:00,Clemson University Pee Dee Research and Education Center,Florence,34.289,-79.737,Sorghum bicolor,Maximum vertical height from the base of the plant.,PI562981,273.0
2014-10-08 19:00:00-05:00,Clemson University Pee Dee Research and Education Center,Florence,34.289,-79.737,Sorghum bicolor,Maximum vertical height from the base of the plant.,PI329300,432.0
2014-10-08 19:00:00-05:00,Clemson University Pee Dee Research and Education Center,Florence,34.289,-79.737,Sorghum bicolor,Maximum vertical height from the base of the plant.,PI329583,391.0
2014-10-08 19:00:00-05:00,Clemson University Pee Dee Research and Education Center,Florence,34.289,-79.737,Sorghum bicolor,Maximum vertical height from the base of the plant.,PI570145,401.0
2014-10-08 19:00:00-05:00,Clemson University Pee Dee Research and Education Center,Florence,34.289,-79.737,Sorghum bicolor,Maximum vertical height from the base of the plant.,PI583832,297.0
2014-10-08 19:00:00-05:00,Clemson University Pee Dee Research and Education Center,Florence,34.289,-79.737,Sorghum bicolor,Maximum vertical height from the base of the plant.,PI508366,418.0
2014-10-08 19:00:00-05:00,Clemson University Pee Dee Research and Education Center,Florence,34.289,-79.737,Sorghum bicolor,Maximum vertical height from the base of the plant.,PI156326,370.0
2014-10-08 19:00:00-05:00,Clemson University Pee Dee Research and Education Center,Florence,34.289,-79.737,Sorghum bicolor,Maximum vertical height from the base of the plant.,PI569435,380.0
2014-10-08 19:00:00-05:00,Clemson University Pee Dee Research and Education Center,Florence,34.289,-79.737,Sorghum bicolor,Maximum vertical height from the base of the plant.,PI570110,372.0
2014-10-08 19:00:00-05:00,Clemson University Pee Dee Research and Education Center,Florence,34.289,-79.737,Sorghum bicolor,Maximum vertical height from the base of the plant.,PI563332,487.0
2014-10-08 19:00:00-05:00,Clemson University Pee Dee Research and Education Center,Florence,34.289,-79.737,Sorghum bicolor,Maximum vertical height from the base of the plant.,PI569420,312.0
2014-10-08 19:00:00-05:00,Clemson University Pee Dee Research and Education Center,Florence,34.289,-79.737,Sorghum bicolor,Maximum vertical height from the base of the plant.,PI505735,374.0
2014-10-08 19:00:00-05:00,Clemson University Pee Dee Research and Education Center,Florence,34.289,-79.737,Sorghum bicolor,Maximum vertical height from the base of the plant.,PI329510,452.0
2014-10-08 19:00:00-05:00,Clemson University Pee Dee Research and Education Center,Florence,34.289,-79.737,Sorghum bicolor,Maximum vertical height from the base of the plant.,PI569886,335.0
2014-10-08 19:00:00-05:00,Clemson University Pee Dee Research and Education Center,Florence,34.289,-79.737,Sorghum bicolor,Maximum vertical height from the base of the plant.,PI646266,293.0
2014-10-08 19:00:00-05:00,Clemson University Pee Dee Research and Education Center,Florence,34.289,-79.737,Sorghum bicolor,Maximum vertical height from the base of the plant.,PI562991,362.0
2014-10-08 19:00:00-05:00,Clemson University Pee Dee Research and Education Center,Florence,34.289,-79.737,Sorghum bicolor,Maximum vertical height from the base of the plant.,PI585406,401.0
2014-10-08 19:00:00-05:00,Clemson University Pee Dee Research and Education Center,Florence,34.289,-79.737,Sorghum bicolor,Maximum vertical height from the base of the plant.,PI562732,504.0
2014-10-08 19:00:00-05:00,Clemson University Pee Dee Research and Education Center,Florence,34.289,-79.737,Sorghum bicolor,Maximum vertical height from the base of the plant.,PI329518,311.0
2014-10-08 19:00:00-05:00,Clemson University Pee Dee Research and Education Center,Florence,34.289,-79.737,Sorghum bicolor,Maximum vertical height from the base of the plant.,PI563009,351.0
2014-10-08 19:00:00-05:00,Clemson University Pee Dee Research and Education Center,Florence,34.289,-79.737,Sorghum bicolor,Maximum vertical height from the base of the plant.,PI562971,293.0
2014-10-08 19:00:00-05:00,Clemson University Pee Dee Research and Education Center,Florence,34.289,-79.737,Sorghum bicolor,Maximum vertical height from the base of the plant.,PI452692,437.0
2014-10-09 19:00:00-05:00,Clemson University Pee Dee Research and Education Center,Florence,34.289,-79.737,Sorghum bicolor,Maximum vertical height from the base of the plant.,PI329546,426.0
2014-10-09 19:00:00-05:00,Clemson University Pee Dee Research and Education Center,Florence,34.289,-79.737,Sorghum bicolor,Maximum vertical height from the base of the plant.,PI329699,362.0
2014-10-09 19:00:00-05:00,Clemson University Pee Dee Research and Education Center,Florence,34.289,-79.737,Sorghum bicolor,Maximum vertical height from the base of the plant.,PI273465,433.0
2014-10-09 19:00:00-05:00,Clemson University Pee Dee Research and Education Center,Florence,34.289,-79.737,Sorghum bicolor,Maximum vertical height from the base of the plant.,PI329465,453.0
2014-10-09 19:00:00-05:00,Clemson University Pee Dee Research and Education Center,Florence,34.289,-79.737,Sorghum bicolor,Maximum vertical height from the base of the plant.,PI570254,332.0
2014-10-09 19:00:00-05:00,Clemson University Pee Dee Research and Education Center,Florence,34.289,-79.737,Sorghum bicolor,Maximum vertical height from the base of the plant.,PI620157,415.0
2014-10-09 19:00:00-05:00,Clemson University Pee Dee Research and Education Center,Florence,34.289,-79.737,Sorghum bicolor,Maximum vertical height from the base of the plant.,PI562990,373.0
2014-10-09 19:00:00-05:00,Clemson University Pee Dee Research and Education Center,Florence,34.289,-79.737,Sorghum bicolor,Maximum vertical height from the base of the plant.,PI511355,309.0
2014-10-09 19:00:00-05:00,Clemson University Pee Dee Research and Education Center,Florence,34.289,-79.737,Sorghum bicolor,Maximum vertical height from the base of the plant.,PI329440,368.0
2014-10-09 19:00:00-05:00,Clemson University Pee Dee Research and Education Center,Florence,34.289,-79.737,Sorghum bicolor,Maximum vertical height from the base of the plant.,PI329541,341.0
2014-10-09 19:00:00-05:00,Clemson University Pee Dee Research and Education Center,Florence,34.289,-79.737,Sorghum bicolor,Maximum vertical height from the base of the plant.,PI455301,458.0
2014-10-09 19:00:00-05:00,Clemson University Pee Dee Research and Education Center,Florence,34.289,-79.737,Sorghum bicolor,Maximum vertical height from the base of the plant.,PI329644,390.0
2014-10-09 19:00:00-05:00,Clemson University Pee Dee Research and Education Center,Florence,34.289,-79.737,Sorghum bicolor,Maximum vertical height from the base of the plant.,PI152860,373.0
2014-10-09 19:00:00-05:00,Clemson University Pee Dee Research and Education Center,Florence,34.289,-79.737,Sorghum bicolor,Maximum vertical height from the base of the plant.,PI329585,403.0
2014-10-09 19:00:00-05:00,Clemson University Pee Dee Research and Education Center,Florence,34.289,-79.737,Sorghum bicolor,Maximum vertical height from the base of the plant.,PI329351,421.0
2014-10-09 19:00:00-05:00,Clemson University Pee Dee Research and Education Center,Florence,34.289,-79.737,Sorghum bicolor,Maximum vertical height from the base of the plant.,PI505717,465.0
2014-10-09 19:00:00-05:00,Clemson University Pee Dee Research and Education Center,Florence,34.289,-79.737,Sorghum bicolor,Maximum vertical height from the base of the plant.,PI155516,397.0
2014-10-09 19:00:00-05:00,Clemson University Pee Dee Research and Education Center,Florence,34.289,-79.737,Sorghum bicolor,Maximum vertical height from the base of the plant.,PI152591,362.0
2014-10-09 19:00:00-05:00,Clemson University Pee Dee Research and Education Center,Florence,34.289,-79.737,Sorghum bicolor,Maximum vertical height from the base of the plant.,PI329618,329.0
2014-10-09 19:00:00-05:00,Clemson University Pee Dee Research and Education Center,Florence,34.289,-79.737,Sorghum bicolor,Maximum vertical height from the base of the plant.,PI329864,410.0
2014-10-09 19:00:00-05:00,Clemson University Pee Dee Research and Education Center,Florence,34.289,-79.737,Sorghum bicolor,Maximum vertical height from the base of the plant.,PI154987,410.0
2014-10-09 19:00:00-05:00,Clemson University Pee Dee Research and Education Center,Florence,34.289,-79.737,Sorghum bicolor,Maximum vertical height from the base of the plant.,PI330184,405.0
2014-10-09 19:00:00-05:00,Clemson University Pee Dee Research and Education Center,Florence,34.289,-79.737,Sorghum bicolor,Maximum vertical height from the base of the plant.,PI329554,450.0
2014-10-09 19:00:00-05:00,Clemson University Pee Dee Research and Education Center,Florence,34.289,-79.737,Sorghum bicolor,Maximum vertical height from the base of the plant.,PI329702,500.0
2014-10-09 19:00:00-05:00,Clemson University Pee Dee Research and Education Center,Florence,34.289,-79.737,Sorghum bicolor,Maximum vertical height from the base of the plant.,PI329550,450.0
2014-10-09 19:00:00-05:00,Clemson University Pee Dee Research and Education Center,Florence,34.289,-79.737,Sorghum bicolor,Maximum vertical height from the base of the plant.,PI514456,459.0
2014-10-09 19:00:00-05:00,Clemson University Pee Dee Research and Education Center,Florence,34.289,-79.737,Sorghum bicolor,Maximum vertical height from the base of the plant.,PI329605,365.0
2014-10-09 19:00:00-05:00,Clemson University Pee Dee Research and Education Center,Florence,34.289,-79.737,Sorghum bicolor,Maximum vertical height from the base of the plant.,PI329865,400.0
2014-10-09 19:00:00-05:00,Clemson University Pee Dee Research and Education Center,Florence,34.289,-79.737,Sorghum bicolor,Maximum vertical height from the base of the plant.,PI570393,345.0
2014-10-09 19:00:00-05:00,Clemson University Pee Dee Research and Education Center,Florence,34.289,-79.737,Sorghum bicolor,Maximum vertical height from the base of the plant.,PI337689,338.0
2014-10-09 19:00:00-05:00,Clemson University Pee Dee Research and Education Center,Florence,34.289,-79.737,Sorghum bicolor,Maximum vertical height from the base of the plant.,PI510757,313.0
2014-10-09 19:00:00-05:00,Clemson University Pee Dee Research and Education Center,Florence,34.289,-79.737,Sorghum bicolor,Maximum vertical height from the base of the plant.,PI329615,352.0
2014-10-09 19:00:00-05:00,Clemson University Pee Dee Research and Education Center,Florence,34.289,-79.737,Sorghum bicolor,Maximum vertical height from the base of the plant.,PI506030,415.0
2014-10-09 19:00:00-05:00,Clemson University Pee Dee Research and Education Center,Florence,34.289,-79.737,Sorghum bicolor,Maximum vertical height from the base of the plant.,PI330169,448.0
2014-10-09 19:00:00-05:00,Clemson University Pee Dee Research and Education Center,Florence,34.289,-79.737,Sorghum bicolor,Maximum vertical height from the base of the plant.,PI569453,302.0
2014-10-09 19:00:00-05:00,Clemson University Pee Dee Research and Education Center,Florence,34.289,-79.737,Sorghum bicolor,Maximum vertical height from the base of the plant.,PI506114,368.0
2014-10-09 19:00:00-05:00,Clemson University Pee Dee Research and Education Center,Florence,34.289,-79.737,Sorghum bicolor,Maximum vertical height from the base of the plant.,PI585608,327.0
2014-10-09 19:00:00-05:00,Clemson University Pee Dee Research and Education Center,Florence,34.289,-79.737,Sorghum bicolor,Maximum vertical height from the base of the plant.,PI569444,308.0
2014-10-09 19:00:00-05:00,Clemson University Pee Dee Research and Education Center,Florence,34.289,-79.737,Sorghum bicolor,Maximum vertical height from the base of the plant.,PI217691,259.0
2014-10-09 19:00:00-05:00,Clemson University Pee Dee Research and Education Center,Florence,34.289,-79.737,Sorghum bicolor,Maximum vertical height from the base of the plant.,PI455217,535.0
2014-10-09 19:00:00-05:00,Clemson University Pee Dee Research and Education Center,Florence,34.289,-79.737,Sorghum bicolor,Maximum vertical height from the base of the plant.,PI569418,373.0
2014-10-09 19:00:00-05:00,Clemson University Pee Dee Research and Education Center,Florence,34.289,-79.737,Sorghum bicolor,Maximum vertical height from the base of the plant.,PI569465,326.0
2014-10-09 19:00:00-05:00,Clemson University Pee Dee Research and Education Center,Florence,34.289,-79.737,Sorghum bicolor,Maximum vertical height from the base of the plant.,PI570106,291.0
2014-10-09 19:00:00-05:00,Clemson University Pee Dee Research and Education Center,Florence,34.289,-79.737,Sorghum bicolor,Maximum vertical height from the base of the plant.,PI329501,294.0
2014-10-09 19:00:00-05:00,Clemson University Pee Dee Research and Education Center,Florence,34.289,-79.737,Sorghum bicolor,Maximum vertical height from the base of the plant.,PI569423,374.0
2014-10-09 19:00:00-05:00,Clemson University Pee Dee Research and Education Center,Florence,34.289,-79.737,Sorghum bicolor,Maximum vertical height from the base of the plant.,PI154944,317.0
2014-10-09 19:00:00-05:00,Clemson University Pee Dee Research and Education Center,Florence,34.289,-79.737,Sorghum bicolor,Maximum vertical height from the base of the plant.,PI452544,482.0
2014-10-09 19:00:00-05:00,Clemson University Pee Dee Research and Education Center,Florence,34.289,-79.737,Sorghum bicolor,Maximum vertical height from the base of the plant.,PI563002,272.0
2014-10-09 19:00:00-05:00,Clemson University Pee Dee Research and Education Center,Florence,34.289,-79.737,Sorghum bicolor,Maximum vertical height from the base of the plant.,PI221651,356.0
2014-10-09 19:00:00-05:00,Clemson University Pee Dee Research and Education Center,Florence,34.289,-79.737,Sorghum bicolor,Maximum vertical height from the base of the plant.,PI563330,448.0
2014-10-09 19:00:00-05:00,Clemson University Pee Dee Research and Education Center,Florence,34.289,-79.737,Sorghum bicolor,Maximum vertical height from the base of the plant.,PI152730,398.0
2014-10-09 19:00:00-05:00,Clemson University Pee Dee Research and Education Center,Florence,34.289,-79.737,Sorghum bicolor,Maximum vertical height from the base of the plant.,PI563295,282.0
2014-10-09 19:00:00-05:00,Clemson University Pee Dee Research and Education Center,Florence,34.289,-79.737,Sorghum bicolor,Maximum vertical height from the base of the plant.,PI453177,393.0
2014-10-09 19:00:00-05:00,Clemson University Pee Dee Research and Education Center,Florence,34.289,-79.737,Sorghum bicolor,Maximum vertical height from the base of the plant.,PI524475,302.0
2014-10-09 19:00:00-05:00,Clemson University Pee Dee Research and Education Center,Florence,34.289,-79.737,Sorghum bicolor,Maximum vertical height from the base of the plant.,PI329632,339.0
2014-10-09 19:00:00-05:00,Clemson University Pee Dee Research and Education Center,Florence,34.289,-79.737,Sorghum bicolor,Maximum vertical height from the base of the plant.,PI562998,297.0
2014-10-09 19:00:00-05:00,Clemson University Pee Dee Research and Education Center,Florence,34.289,-79.737,Sorghum bicolor,Maximum vertical height from the base of the plant.,PI570085,368.0
2014-10-09 19:00:00-05:00,Clemson University Pee Dee Research and Education Center,Florence,34.289,-79.737,Sorghum bicolor,Maximum vertical height from the base of the plant.,PI329841,460.0
2014-10-09 19:00:00-05:00,Clemson University Pee Dee Research and Education Center,Florence,34.289,-79.737,Sorghum bicolor,Maximum vertical height from the base of the plant.,PI152963,399.0
2014-10-10 19:00:00-05:00,Clemson University Pee Dee Research and Education Center,Florence,34.289,-79.737,Sorghum bicolor,Maximum vertical height from the base of the plant.,PI569422,357.0
2014-10-10 19:00:00-05:00,Clemson University Pee Dee Research and Education Center,Florence,34.289,-79.737,Sorghum bicolor,Maximum vertical height from the base of the plant.,PI568717,297.0
2014-10-10 19:00:00-05:00,Clemson University Pee Dee Research and Education Center,Florence,34.289,-79.737,Sorghum bicolor,Maximum vertical height from the base of the plant.,PI585954,333.0
2014-10-10 19:00:00-05:00,Clemson University Pee Dee Research and Education Center,Florence,34.289,-79.737,Sorghum bicolor,Maximum vertical height from the base of the plant.,PI563032,297.0
2014-10-10 19:00:00-05:00,Clemson University Pee Dee Research and Education Center,Florence,34.289,-79.737,Sorghum bicolor,Maximum vertical height from the base of the plant.,PI570042,282.0
2014-10-10 19:00:00-05:00,Clemson University Pee Dee Research and Education Center,Florence,34.289,-79.737,Sorghum bicolor,Maximum vertical height from the base of the plant.,PI562994,386.0
2014-10-10 19:00:00-05:00,Clemson University Pee Dee Research and Education Center,Florence,34.289,-79.737,Sorghum bicolor,Maximum vertical height from the base of the plant.,PI619807,389.0
2014-10-10 19:00:00-05:00,Clemson University Pee Dee Research and Education Center,Florence,34.289,-79.737,Sorghum bicolor,Maximum vertical height from the base of the plant.,PI570090,470.0
2014-10-10 19:00:00-05:00,Clemson University Pee Dee Research and Education Center,Florence,34.289,-79.737,Sorghum bicolor,Maximum vertical height from the base of the plant.,PI562781,408.0
2014-10-10 19:00:00-05:00,Clemson University Pee Dee Research and Education Center,Florence,34.289,-79.737,Sorghum bicolor,Maximum vertical height from the base of the plant.,PI329519,355.0
2014-10-10 19:00:00-05:00,Clemson University Pee Dee Research and Education Center,Florence,34.289,-79.737,Sorghum bicolor,Maximum vertical height from the base of the plant.,PI257600,334.0
2014-10-10 19:00:00-05:00,Clemson University Pee Dee Research and Education Center,Florence,34.289,-79.737,Sorghum bicolor,Maximum vertical height from the base of the plant.,PI273969,363.0
2014-10-10 19:00:00-05:00,Clemson University Pee Dee Research and Education Center,Florence,34.289,-79.737,Sorghum bicolor,Maximum vertical height from the base of the plant.,PI329614,265.0
2014-10-10 19:00:00-05:00,Clemson University Pee Dee Research and Education Center,Florence,34.289,-79.737,Sorghum bicolor,Maximum vertical height from the base of the plant.,PI569416,307.0
2014-10-10 19:00:00-05:00,Clemson University Pee Dee Research and Education Center,Florence,34.289,-79.737,Sorghum bicolor,Maximum vertical height from the base of the plant.,PI570038,317.0
2014-10-10 19:00:00-05:00,Clemson University Pee Dee Research and Education Center,Florence,34.289,-79.737,Sorghum bicolor,Maximum vertical height from the base of the plant.,PI569458,353.0
2014-10-10 19:00:00-05:00,Clemson University Pee Dee Research and Education Center,Florence,34.289,-79.737,Sorghum bicolor,Maximum vertical height from the base of the plant.,PI569462,328.0
2014-10-10 19:00:00-05:00,Clemson University Pee Dee Research and Education Center,Florence,34.289,-79.737,Sorghum bicolor,Maximum vertical height from the base of the plant.,PI570373,426.0
2014-10-10 19:00:00-05:00,Clemson University Pee Dee Research and Education Center,Florence,34.289,-79.737,Sorghum bicolor,Maximum vertical height from the base of the plant.,PI330803,433.0
2014-10-10 19:00:00-05:00,Clemson University Pee Dee Research and Education Center,Florence,34.289,-79.737,Sorghum bicolor,Maximum vertical height from the base of the plant.,PI570096,395.0
2014-10-10 19:00:00-05:00,Clemson University Pee Dee Research and Education Center,Florence,34.289,-79.737,Sorghum bicolor,Maximum vertical height from the base of the plant.,PI156487,396.0
2014-10-10 19:00:00-05:00,Clemson University Pee Dee Research and Education Center,Florence,34.289,-79.737,Sorghum bicolor,Maximum vertical height from the base of the plant.,PI329843,395.0
2014-10-10 19:00:00-05:00,Clemson University Pee Dee Research and Education Center,Florence,34.289,-79.737,Sorghum bicolor,Maximum vertical height from the base of the plant.,PI643016,386.0
2014-10-10 19:00:00-05:00,Clemson University Pee Dee Research and Education Center,Florence,34.289,-79.737,Sorghum bicolor,Maximum vertical height from the base of the plant.,PI570109,261.0
2014-10-10 19:00:00-05:00,Clemson University Pee Dee Research and Education Center,Florence,34.289,-79.737,Sorghum bicolor,Maximum vertical height from the base of the plant.,PI156268,496.0
2014-10-10 19:00:00-05:00,Clemson University Pee Dee Research and Education Center,Florence,34.289,-79.737,Sorghum bicolor,Maximum vertical height from the base of the plant.,PI563006,433.0
2014-10-10 19:00:00-05:00,Clemson University Pee Dee Research and Education Center,Florence,34.289,-79.737,Sorghum bicolor,Maximum vertical height from the base of the plant.,PI330796,393.0
2014-10-10 19:00:00-05:00,Clemson University Pee Dee Research and Education Center,Florence,34.289,-79.737,Sorghum bicolor,Maximum vertical height from the base of the plant.,PI585961,361.0
2014-10-10 19:00:00-05:00,Clemson University Pee Dee Research and Education Center,Florence,34.289,-79.737,Sorghum bicolor,Maximum vertical height from the base of the plant.,PI569419,347.0
2014-10-10 19:00:00-05:00,Clemson University Pee Dee Research and Education Center,Florence,34.289,-79.737,Sorghum bicolor,Maximum vertical height from the base of the plant.,PI455307,500.0
2014-10-10 19:00:00-05:00,Clemson University Pee Dee Research and Education Center,Florence,34.289,-79.737,Sorghum bicolor,Maximum vertical height from the base of the plant.,PI329665,389.0
2014-10-10 19:00:00-05:00,Clemson University Pee Dee Research and Education Center,Florence,34.289,-79.737,Sorghum bicolor,Maximum vertical height from the base of the plant.,PI562982,357.0
2014-10-10 19:00:00-05:00,Clemson University Pee Dee Research and Education Center,Florence,34.289,-79.737,Sorghum bicolor,Maximum vertical height from the base of the plant.,PI525049,416.0
2014-10-10 19:00:00-05:00,Clemson University Pee Dee Research and Education Center,Florence,34.289,-79.737,Sorghum bicolor,Maximum vertical height from the base of the plant.,PI570114,390.0
2014-10-10 19:00:00-05:00,Clemson University Pee Dee Research and Education Center,Florence,34.289,-79.737,Sorghum bicolor,Maximum vertical height from the base of the plant.,PI329551,412.0
2014-10-10 19:00:00-05:00,Clemson University Pee Dee Research and Education Center,Florence,34.289,-79.737,Sorghum bicolor,Maximum vertical height from the base of the plant.,PI330858,391.0
2014-10-10 19:00:00-05:00,Clemson University Pee Dee Research and Education Center,Florence,34.289,-79.737,Sorghum bicolor,Maximum vertical height from the base of the plant.,PI152733,413.0
2014-10-10 19:00:00-05:00,Clemson University Pee Dee Research and Education Center,Florence,34.289,-79.737,Sorghum bicolor,Maximum vertical height from the base of the plant.,PI570053,274.0
2014-10-10 19:00:00-05:00,Clemson University Pee Dee Research and Education Center,Florence,34.289,-79.737,Sorghum bicolor,Maximum vertical height from the base of the plant.,PI521290,396.0
2014-10-10 19:00:00-05:00,Clemson University Pee Dee Research and Education Center,Florence,34.289,-79.737,Sorghum bicolor,Maximum vertical height from the base of the plant.,PI521152,362.0
2014-10-10 19:00:00-05:00,Clemson University Pee Dee Research and Education Center,Florence,34.289,-79.737,Sorghum bicolor,Maximum vertical height from the base of the plant.,PI329711,390.0
2014-10-10 19:00:00-05:00,Clemson University Pee Dee Research and Education Center,Florence,34.289,-79.737,Sorghum bicolor,Maximum vertical height from the base of the plant.,PI569446,234.0
2014-10-10 19:00:00-05:00,Clemson University Pee Dee Research and Education Center,Florence,34.289,-79.737,Sorghum bicolor,Maximum vertical height from the base of the plant.,PI152816,266.0
2014-10-10 19:00:00-05:00,Clemson University Pee Dee Research and Education Center,Florence,34.289,-79.737,Sorghum bicolor,Maximum vertical height from the base of the plant.,PI585966,311.0
2014-10-10 19:00:00-05:00,Clemson University Pee Dee Research and Education Center,Florence,34.289,-79.737,Sorghum bicolor,Maximum vertical height from the base of the plant.,PI562897,370.0
2014-10-10 19:00:00-05:00,Clemson University Pee Dee Research and Education Center,Florence,34.289,-79.737,Sorghum bicolor,Maximum vertical height from the base of the plant.,PI646242,377.0
2014-10-10 19:00:00-05:00,Clemson University Pee Dee Research and Education Center,Florence,34.289,-79.737,Sorghum bicolor,Maximum vertical height from the base of the plant.,PI521280,387.0
2014-10-10 19:00:00-05:00,Clemson University Pee Dee Research and Education Center,Florence,34.289,-79.737,Sorghum bicolor,Maximum vertical height from the base of the plant.,PI330167,401.0
2014-10-10 19:00:00-05:00,Clemson University Pee Dee Research and Education Center,Florence,34.289,-79.737,Sorghum bicolor,Maximum vertical height from the base of the plant.,PI646251,390.0
2014-10-10 19:00:00-05:00,Clemson University Pee Dee Research and Education Center,Florence,34.289,-79.737,Sorghum bicolor,Maximum vertical height from the base of the plant.,PI329326,289.0
2014-10-10 19:00:00-05:00,Clemson University Pee Dee Research and Education Center,Florence,34.289,-79.737,Sorghum bicolor,Maximum vertical height from the base of the plant.,PI570388,493.0
2014-10-10 19:00:00-05:00,Clemson University Pee Dee Research and Education Center,Florence,34.289,-79.737,Sorghum bicolor,Maximum vertical height from the base of the plant.,PI155885,409.0
2014-10-10 19:00:00-05:00,Clemson University Pee Dee Research and Education Center,Florence,34.289,-79.737,Sorghum bicolor,Maximum vertical height from the base of the plant.,PI569443,281.0
2014-10-10 19:00:00-05:00,Clemson University Pee Dee Research and Education Center,Florence,34.289,-79.737,Sorghum bicolor,Maximum vertical height from the base of the plant.,PI563350,316.0
2014-10-10 19:00:00-05:00,Clemson University Pee Dee Research and Education Center,Florence,34.289,-79.737,Sorghum bicolor,Maximum vertical height from the base of the plant.,PI329545,396.0
2014-10-10 19:00:00-05:00,Clemson University Pee Dee Research and Education Center,Florence,34.289,-79.737,Sorghum bicolor,Maximum vertical height from the base of the plant.,PI563021,364.0
2014-10-10 19:00:00-05:00,Clemson University Pee Dee Research and Education Center,Florence,34.289,-79.737,Sorghum bicolor,Maximum vertical height from the base of the plant.,PI329478,290.0
2014-10-10 19:00:00-05:00,Clemson University Pee Dee Research and Education Center,Florence,34.289,-79.737,Sorghum bicolor,Maximum vertical height from the base of the plant.,PI266927,454.0
2014-10-10 19:00:00-05:00,Clemson University Pee Dee Research and Education Center,Florence,34.289,-79.737,Sorghum bicolor,Maximum vertical height from the base of the plant.,PI152971,343.0
2014-10-10 19:00:00-05:00,Clemson University Pee Dee Research and Education Center,Florence,34.289,-79.737,Sorghum bicolor,Maximum vertical height from the base of the plant.,PI329511,455.0
2014-10-10 19:00:00-05:00,Clemson University Pee Dee Research and Education Center,Florence,34.289,-79.737,Sorghum bicolor,Maximum vertical height from the base of the plant.,PI570076,327.0
2014-10-10 19:00:00-05:00,Clemson University Pee Dee Research and Education Center,Florence,34.289,-79.737,Sorghum bicolor,Maximum vertical height from the base of the plant.,PI154846,411.0
2014-10-10 19:00:00-05:00,Clemson University Pee Dee Research and Education Center,Florence,34.289,-79.737,Sorghum bicolor,Maximum vertical height from the base of the plant.,PI505722,413.0
2014-10-10 19:00:00-05:00,Clemson University Pee Dee Research and Education Center,Florence,34.289,-79.737,Sorghum bicolor,Maximum vertical height from the base of the plant.,PI569460,329.0
2014-10-10 19:00:00-05:00,Clemson University Pee Dee Research and Education Center,Florence,34.289,-79.737,Sorghum bicolor,Maximum vertical height from the base of the plant.,PI330807,239.0
2014-10-10 19:00:00-05:00,Clemson University Pee Dee Research and Education Center,Florence,34.289,-79.737,Sorghum bicolor,Maximum vertical height from the base of the plant.,PI643008,326.0
2014-10-10 19:00:00-05:00,Clemson University Pee Dee Research and Education Center,Florence,34.289,-79.737,Sorghum bicolor,Maximum vertical height from the base of the plant.,PI585452,426.0
2014-10-10 19:00:00-05:00,Clemson University Pee Dee Research and Education Center,Florence,34.289,-79.737,Sorghum bicolor,Maximum vertical height from the base of the plant.,PI506122,322.0
2014-10-10 19:00:00-05:00,Clemson University Pee Dee Research and Education Center,Florence,34.289,-79.737,Sorghum bicolor,Maximum vertical height from the base of the plant.,PI330182,500.0
2014-10-10 19:00:00-05:00,Clemson University Pee Dee Research and Education Center,Florence,34.289,-79.737,Sorghum bicolor,Maximum vertical height from the base of the plant.,PI329506,295.0
2014-10-10 19:00:00-05:00,Clemson University Pee Dee Research and Education Center,Florence,34.289,-79.737,Sorghum bicolor,Maximum vertical height from the base of the plant.,PI157033,305.0
2014-10-10 19:00:00-05:00,Clemson University Pee Dee Research and Education Center,Florence,34.289,-79.737,Sorghum bicolor,Maximum vertical height from the base of the plant.,PI586443,350.0
2014-10-10 19:00:00-05:00,Clemson University Pee Dee Research and Education Center,Florence,34.289,-79.737,Sorghum bicolor,Maximum vertical height from the base of the plant.,PI152966,369.0
2014-10-10 19:00:00-05:00,Clemson University Pee Dee Research and Education Center,Florence,34.289,-79.737,Sorghum bicolor,Maximum vertical height from the base of the plant.,PI154750,452.0
2014-10-10 19:00:00-05:00,Clemson University Pee Dee Research and Education Center,Florence,34.289,-79.737,Sorghum bicolor,Maximum vertical height from the base of the plant.,PI152651,351.0
2014-10-10 19:00:00-05:00,Clemson University Pee Dee Research and Education Center,Florence,34.289,-79.737,Sorghum bicolor,Maximum vertical height from the base of the plant.,PI297130,390.0
2014-10-10 19:00:00-05:00,Clemson University Pee Dee Research and Education Center,Florence,34.289,-79.737,Sorghum bicolor,Maximum vertical height from the base of the plant.,PI156178,360.0
2014-10-10 19:00:00-05:00,Clemson University Pee Dee Research and Education Center,Florence,34.289,-79.737,Sorghum bicolor,Maximum vertical height from the base of the plant.,PI152751,415.0
2014-10-10 19:00:00-05:00,Clemson University Pee Dee Research and Education Center,Florence,34.289,-79.737,Sorghum bicolor,Maximum vertical height from the base of the plant.,PI329617,415.0
2014-10-10 19:00:00-05:00,Clemson University Pee Dee Research and Education Center,Florence,34.289,-79.737,Sorghum bicolor,Maximum vertical height from the base of the plant.,PI156393,383.0
2014-10-10 19:00:00-05:00,Clemson University Pee Dee Research and Education Center,Florence,34.289,-79.737,Sorghum bicolor,Maximum vertical height from the base of the plant.,PI569264,440.0
2014-10-10 19:00:00-05:00,Clemson University Pee Dee Research and Education Center,Florence,34.289,-79.737,Sorghum bicolor,Maximum vertical height from the base of the plant.,PI276837,376.0
2014-10-11 19:00:00-05:00,Clemson University Pee Dee Research and Education Center,Florence,34.289,-79.737,Sorghum bicolor,Maximum vertical height from the base of the plant.,PI155149,475.0
2014-10-11 19:00:00-05:00,Clemson University Pee Dee Research and Education Center,Florence,34.289,-79.737,Sorghum bicolor,Maximum vertical height from the base of the plant.,PI152862,515.0
2014-10-11 19:00:00-05:00,Clemson University Pee Dee Research and Education Center,Florence,34.289,-79.737,Sorghum bicolor,Maximum vertical height from the base of the plant.,PI196049,459.0
2014-10-11 19:00:00-05:00,Clemson University Pee Dee Research and Education Center,Florence,34.289,-79.737,Sorghum bicolor,Maximum vertical height from the base of the plant.,PI452542,522.0
2014-10-11 19:00:00-05:00,Clemson University Pee Dee Research and Education Center,Florence,34.289,-79.737,Sorghum bicolor,Maximum vertical height from the base of the plant.,PI330168,304.0
2014-10-11 19:00:00-05:00,Clemson University Pee Dee Research and Education Center,Florence,34.289,-79.737,Sorghum bicolor,Maximum vertical height from the base of the plant.,PI154844,371.0
2014-10-11 19:00:00-05:00,Clemson University Pee Dee Research and Education Center,Florence,34.289,-79.737,Sorghum bicolor,Maximum vertical height from the base of the plant.,PI329333,411.0
2014-10-11 19:00:00-05:00,Clemson University Pee Dee Research and Education Center,Florence,34.289,-79.737,Sorghum bicolor,Maximum vertical height from the base of the plant.,PI329394,515.0
2014-10-11 19:00:00-05:00,Clemson University Pee Dee Research and Education Center,Florence,34.289,-79.737,Sorghum bicolor,Maximum vertical height from the base of the plant.,PI641909,274.0
2014-10-11 19:00:00-05:00,Clemson University Pee Dee Research and Education Center,Florence,34.289,-79.737,Sorghum bicolor,Maximum vertical height from the base of the plant.,PI156203,373.0
2014-10-11 19:00:00-05:00,Clemson University Pee Dee Research and Education Center,Florence,34.289,-79.737,Sorghum bicolor,Maximum vertical height from the base of the plant.,PI329570,339.0
2014-10-11 19:00:00-05:00,Clemson University Pee Dee Research and Education Center,Florence,34.289,-79.737,Sorghum bicolor,Maximum vertical height from the base of the plant.,PI563338,458.0
2014-10-11 19:00:00-05:00,Clemson University Pee Dee Research and Education Center,Florence,34.289,-79.737,Sorghum bicolor,Maximum vertical height from the base of the plant.,PI570031,367.0
2014-10-11 19:00:00-05:00,Clemson University Pee Dee Research and Education Center,Florence,34.289,-79.737,Sorghum bicolor,Maximum vertical height from the base of the plant.,PI569445,378.0
2014-10-11 19:00:00-05:00,Clemson University Pee Dee Research and Education Center,Florence,34.289,-79.737,Sorghum bicolor,Maximum vertical height from the base of the plant.,PI506069,409.0
2014-10-11 19:00:00-05:00,Clemson University Pee Dee Research and Education Center,Florence,34.289,-79.737,Sorghum bicolor,Maximum vertical height from the base of the plant.,PI156463,270.0
2014-10-11 19:00:00-05:00,Clemson University Pee Dee Research and Education Center,Florence,34.289,-79.737,Sorghum bicolor,Maximum vertical height from the base of the plant.,PI570371,321.0
2014-10-11 19:00:00-05:00,Clemson University Pee Dee Research and Education Center,Florence,34.289,-79.737,Sorghum bicolor,Maximum vertical height from the base of the plant.,PI156018,335.0
2014-10-11 19:00:00-05:00,Clemson University Pee Dee Research and Education Center,Florence,34.289,-79.737,Sorghum bicolor,Maximum vertical height from the base of the plant.,PI569455,321.0
2014-10-11 19:00:00-05:00,Clemson University Pee Dee Research and Education Center,Florence,34.289,-79.737,Sorghum bicolor,Maximum vertical height from the base of the plant.,PI570074,312.0
2014-10-11 19:00:00-05:00,Clemson University Pee Dee Research and Education Center,Florence,34.289,-79.737,Sorghum bicolor,Maximum vertical height from the base of the plant.,PI569427,329.0
2014-10-11 19:00:00-05:00,Clemson University Pee Dee Research and Education Center,Florence,34.289,-79.737,Sorghum bicolor,Maximum vertical height from the base of the plant.,PI562997,391.0
2014-10-11 19:00:00-05:00,Clemson University Pee Dee Research and Education Center,Florence,34.289,-79.737,Sorghum bicolor,Maximum vertical height from the base of the plant.,PI619838,301.0
2014-10-11 19:00:00-05:00,Clemson University Pee Dee Research and Education Center,Florence,34.289,-79.737,Sorghum bicolor,Maximum vertical height from the base of the plant.,PI569459,319.0
2014-10-11 19:00:00-05:00,Clemson University Pee Dee Research and Education Center,Florence,34.289,-79.737,Sorghum bicolor,Maximum vertical height from the base of the plant.,PI569457,378.0
2014-10-11 19:00:00-05:00,Clemson University Pee Dee Research and Education Center,Florence,34.289,-79.737,Sorghum bicolor,Maximum vertical height from the base of the plant.,PI585461,373.0
2014-10-11 19:00:00-05:00,Clemson University Pee Dee Research and Education Center,Florence,34.289,-79.737,Sorghum bicolor,Maximum vertical height from the base of the plant.,PI563020,338.0
2014-10-11 19:00:00-05:00,Clemson University Pee Dee Research and Education Center,Florence,34.289,-79.737,Sorghum bicolor,Maximum vertical height from the base of the plant.,PI563348,420.0
2014-10-11 19:00:00-05:00,Clemson University Pee Dee Research and Education Center,Florence,34.289,-79.737,Sorghum bicolor,Maximum vertical height from the base of the plant.,PI562970,376.0
2014-10-11 19:00:00-05:00,Clemson University Pee Dee Research and Education Center,Florence,34.289,-79.737,Sorghum bicolor,Maximum vertical height from the base of the plant.,PI303658,319.0
2014-10-11 19:00:00-05:00,Clemson University Pee Dee Research and Education Center,Florence,34.289,-79.737,Sorghum bicolor,Maximum vertical height from the base of the plant.,PI570431,481.0
2014-10-11 19:00:00-05:00,Clemson University Pee Dee Research and Education Center,Florence,34.289,-79.737,Sorghum bicolor,Maximum vertical height from the base of the plant.,PI330833,455.0
2014-10-11 19:00:00-05:00,Clemson University Pee Dee Research and Education Center,Florence,34.289,-79.737,Sorghum bicolor,Maximum vertical height from the base of the plant.,PI585448,396.0
2014-10-11 19:00:00-05:00,Clemson University Pee Dee Research and Education Center,Florence,34.289,-79.737,Sorghum bicolor,Maximum vertical height from the base of the plant.,PI152967,338.0
2014-10-11 19:00:00-05:00,Clemson University Pee Dee Research and Education Center,Florence,34.289,-79.737,Sorghum bicolor,Maximum vertical height from the base of the plant.,PI455221,492.0
2014-10-11 19:00:00-05:00,Clemson University Pee Dee Research and Education Center,Florence,34.289,-79.737,Sorghum bicolor,Maximum vertical height from the base of the plant.,PI521281,363.0
2014-10-11 19:00:00-05:00,Clemson University Pee Dee Research and Education Center,Florence,34.289,-79.737,Sorghum bicolor,Maximum vertical height from the base of the plant.,PI157035,388.0
2014-10-11 19:00:00-05:00,Clemson University Pee Dee Research and Education Center,Florence,34.289,-79.737,Sorghum bicolor,Maximum vertical height from the base of the plant.,PI563022,356.0
2014-10-11 19:00:00-05:00,Clemson University Pee Dee Research and Education Center,Florence,34.289,-79.737,Sorghum bicolor,Maximum vertical height from the base of the plant.,PI329517,304.0
2014-10-11 19:00:00-05:00,Clemson University Pee Dee Research and Education Center,Florence,34.289,-79.737,Sorghum bicolor,Maximum vertical height from the base of the plant.,PI330195,383.0
2014-10-11 19:00:00-05:00,Clemson University Pee Dee Research and Education Center,Florence,34.289,-79.737,Sorghum bicolor,Maximum vertical height from the base of the plant.,PI152771,299.0
2014-10-11 19:00:00-05:00,Clemson University Pee Dee Research and Education Center,Florence,34.289,-79.737,Sorghum bicolor,Maximum vertical height from the base of the plant.,PI156217,422.0
2014-10-11 19:00:00-05:00,Clemson University Pee Dee Research and Education Center,Florence,34.289,-79.737,Sorghum bicolor,Maximum vertical height from the base of the plant.,PI153877,416.0
2014-10-11 19:00:00-05:00,Clemson University Pee Dee Research and Education Center,Florence,34.289,-79.737,Sorghum bicolor,Maximum vertical height from the base of the plant.,PI569447,363.0
2014-10-11 19:00:00-05:00,Clemson University Pee Dee Research and Education Center,Florence,34.289,-79.737,Sorghum bicolor,Maximum vertical height from the base of the plant.,PI620072,406.0
2014-10-11 19:00:00-05:00,Clemson University Pee Dee Research and Education Center,Florence,34.289,-79.737,Sorghum bicolor,Maximum vertical height from the base of the plant.,PI563355,344.0
2014-10-11 19:00:00-05:00,Clemson University Pee Dee Research and Education Center,Florence,34.289,-79.737,Sorghum bicolor,Maximum vertical height from the base of the plant.,PI562730,467.0
2014-10-11 19:00:00-05:00,Clemson University Pee Dee Research and Education Center,Florence,34.289,-79.737,Sorghum bicolor,Maximum vertical height from the base of the plant.,PI513898,342.0
2014-10-12 19:00:00-05:00,Clemson University Pee Dee Research and Education Center,Florence,34.289,-79.737,Sorghum bicolor,Maximum vertical height from the base of the plant.,PI569454,431.0
2014-10-12 19:00:00-05:00,Clemson University Pee Dee Research and Education Center,Florence,34.289,-79.737,Sorghum bicolor,Maximum vertical height from the base of the plant.,PI329310,390.0
2014-10-12 19:00:00-05:00,Clemson University Pee Dee Research and Education Center,Florence,34.289,-79.737,Sorghum bicolor,Maximum vertical height from the base of the plant.,PI585454,368.0
2014-10-12 19:00:00-05:00,Clemson University Pee Dee Research and Education Center,Florence,34.289,-79.737,Sorghum bicolor,Maximum vertical height from the base of the plant.,PI585467,334.0
2014-10-12 19:00:00-05:00,Clemson University Pee Dee Research and Education Center,Florence,34.289,-79.737,Sorghum bicolor,Maximum vertical height from the base of the plant.,PI569425,268.0
2014-10-14 19:00:00-05:00,Clemson University Pee Dee Research and Education Center,Florence,34.289,-79.737,Sorghum bicolor,Maximum vertical height from the base of the plant.,PI329473,455.0
2014-10-14 19:00:00-05:00,Clemson University Pee Dee Research and Education Center,Florence,34.289,-79.737,Sorghum bicolor,Maximum vertical height from the base of the plant.,PI337680,335.0
2014-10-15 19:00:00-05:00,Clemson University Pee Dee Research and Education Center,Florence,34.289,-79.737,Sorghum bicolor,Maximum vertical height from the base of the plant.,PI330181,490.0
