date,sitename,city,lat,lon,scientificname,cultivar,aboveground_dry_biomass,units
2014-09-02 19:00:00-05:00,Clemson University Pee Dee Research and Education Center,Florence,34.289,-79.737,Sorghum bicolor,PI197542,5380.0,kg / ha
2014-08-30 19:00:00-05:00,Clemson University Pee Dee Research and Education Center,Florence,34.289,-79.737,Sorghum bicolor,PI365512,6090.0,kg / ha
2014-08-23 19:00:00-05:00,Clemson University Pee Dee Research and Education Center,Florence,34.289,-79.737,Sorghum bicolor,PI533998,6090.0,kg / ha
2014-09-16 19:00:00-05:00,Clemson University Pee Dee Research and Education Center,Florence,34.289,-79.737,Sorghum bicolor,PI533792,6990.0,kg / ha
2014-09-17 19:00:00-05:00,Clemson University Pee Dee Research and Education Center,Florence,34.289,-79.737,Sorghum bicolor,PI655978,6990.0,kg / ha
2014-08-23 19:00:00-05:00,Clemson University Pee Dee Research and Education Center,Florence,34.289,-79.737,Sorghum bicolor,PI593916,7350.0,kg / ha
2014-08-31 19:00:00-05:00,Clemson University Pee Dee Research and Education Center,Florence,34.289,-79.737,Sorghum bicolor,PI656026,7350.0,kg / ha
2014-08-17 19:00:00-05:00,Clemson University Pee Dee Research and Education Center,Florence,34.289,-79.737,Sorghum bicolor,PI181899,7710.0,kg / ha
2014-08-31 19:00:00-05:00,Clemson University Pee Dee Research and Education Center,Florence,34.289,-79.737,Sorghum bicolor,PI329435,7710.0,kg / ha
2014-08-17 19:00:00-05:00,Clemson University Pee Dee Research and Education Center,Florence,34.289,-79.737,Sorghum bicolor,PI576399,7710.0,kg / ha
2014-09-06 19:00:00-05:00,Clemson University Pee Dee Research and Education Center,Florence,34.289,-79.737,Sorghum bicolor,PI52606,8060.0,kg / ha
2014-08-17 19:00:00-05:00,Clemson University Pee Dee Research and Education Center,Florence,34.289,-79.737,Sorghum bicolor,PI550604,8240.0,kg / ha
2014-08-31 19:00:00-05:00,Clemson University Pee Dee Research and Education Center,Florence,34.289,-79.737,Sorghum bicolor,PI154988,8600.0,kg / ha
2014-08-25 19:00:00-05:00,Clemson University Pee Dee Research and Education Center,Florence,34.289,-79.737,Sorghum bicolor,PI534165,8600.0,kg / ha
2014-08-23 19:00:00-05:00,Clemson University Pee Dee Research and Education Center,Florence,34.289,-79.737,Sorghum bicolor,PI561840,8780.0,kg / ha
2014-08-31 19:00:00-05:00,Clemson University Pee Dee Research and Education Center,Florence,34.289,-79.737,Sorghum bicolor,PI534120,9500.0,kg / ha
2014-09-04 19:00:00-05:00,Clemson University Pee Dee Research and Education Center,Florence,34.289,-79.737,Sorghum bicolor,PI564163,9680.0,kg / ha
2014-08-25 19:00:00-05:00,Clemson University Pee Dee Research and Education Center,Florence,34.289,-79.737,Sorghum bicolor,PI297155,10200.0,kg / ha
2014-08-21 19:00:00-05:00,Clemson University Pee Dee Research and Education Center,Florence,34.289,-79.737,Sorghum bicolor,PI535792,10200.0,kg / ha
2014-08-21 19:00:00-05:00,Clemson University Pee Dee Research and Education Center,Florence,34.289,-79.737,Sorghum bicolor,PI540518,10600.0,kg / ha
2014-08-27 19:00:00-05:00,Clemson University Pee Dee Research and Education Center,Florence,34.289,-79.737,Sorghum bicolor,PI181083,10900.0,kg / ha
2014-08-17 19:00:00-05:00,Clemson University Pee Dee Research and Education Center,Florence,34.289,-79.737,Sorghum bicolor,PI542718,10900.0,kg / ha
2014-08-30 19:00:00-05:00,Clemson University Pee Dee Research and Education Center,Florence,34.289,-79.737,Sorghum bicolor,PI526905,11100.0,kg / ha
2014-08-25 19:00:00-05:00,Clemson University Pee Dee Research and Education Center,Florence,34.289,-79.737,Sorghum bicolor,PI157804,11500.0,kg / ha
2014-08-29 19:00:00-05:00,Clemson University Pee Dee Research and Education Center,Florence,34.289,-79.737,Sorghum bicolor,PI179749,11500.0,kg / ha
2014-09-07 19:00:00-05:00,Clemson University Pee Dee Research and Education Center,Florence,34.289,-79.737,Sorghum bicolor,PI300119,11600.0,kg / ha
2014-08-31 19:00:00-05:00,Clemson University Pee Dee Research and Education Center,Florence,34.289,-79.737,Sorghum bicolor,PI535794,11600.0,kg / ha
2014-09-06 19:00:00-05:00,Clemson University Pee Dee Research and Education Center,Florence,34.289,-79.737,Sorghum bicolor,PI213900,11800.0,kg / ha
2014-08-21 19:00:00-05:00,Clemson University Pee Dee Research and Education Center,Florence,34.289,-79.737,Sorghum bicolor,PI181080,12000.0,kg / ha
2014-08-17 19:00:00-05:00,Clemson University Pee Dee Research and Education Center,Florence,34.289,-79.737,Sorghum bicolor,PI253986,12000.0,kg / ha
2014-08-17 19:00:00-05:00,Clemson University Pee Dee Research and Education Center,Florence,34.289,-79.737,Sorghum bicolor,PI533902,12000.0,kg / ha
2014-09-06 19:00:00-05:00,Clemson University Pee Dee Research and Education Center,Florence,34.289,-79.737,Sorghum bicolor,PI576401,12000.0,kg / ha
2014-09-04 19:00:00-05:00,Clemson University Pee Dee Research and Education Center,Florence,34.289,-79.737,Sorghum bicolor,PI226096,12200.0,kg / ha
2014-08-17 19:00:00-05:00,Clemson University Pee Dee Research and Education Center,Florence,34.289,-79.737,Sorghum bicolor,PI92270,12200.0,kg / ha
2014-10-10 19:00:00-05:00,Clemson University Pee Dee Research and Education Center,Florence,34.289,-79.737,Sorghum bicolor,PI569446,12400.0,kg / ha
2014-08-31 19:00:00-05:00,Clemson University Pee Dee Research and Education Center,Florence,34.289,-79.737,Sorghum bicolor,PI535793,12500.0,kg / ha
2014-08-21 19:00:00-05:00,Clemson University Pee Dee Research and Education Center,Florence,34.289,-79.737,Sorghum bicolor,PI641830,12900.0,kg / ha
2014-08-30 19:00:00-05:00,Clemson University Pee Dee Research and Education Center,Florence,34.289,-79.737,Sorghum bicolor,PI656065,12900.0,kg / ha
2014-09-09 19:00:00-05:00,Clemson University Pee Dee Research and Education Center,Florence,34.289,-79.737,Sorghum bicolor,PI527045,13100.0,kg / ha
2014-10-09 19:00:00-05:00,Clemson University Pee Dee Research and Education Center,Florence,34.289,-79.737,Sorghum bicolor,PI217691,13300.0,kg / ha
2014-08-17 19:00:00-05:00,Clemson University Pee Dee Research and Education Center,Florence,34.289,-79.737,Sorghum bicolor,PI655981,13300.0,kg / ha
2014-08-31 19:00:00-05:00,Clemson University Pee Dee Research and Education Center,Florence,34.289,-79.737,Sorghum bicolor,PI656015,13400.0,kg / ha
2014-08-25 19:00:00-05:00,Clemson University Pee Dee Research and Education Center,Florence,34.289,-79.737,Sorghum bicolor,PI655972,13600.0,kg / ha
2014-10-09 19:00:00-05:00,Clemson University Pee Dee Research and Education Center,Florence,34.289,-79.737,Sorghum bicolor,PI563002,13800.0,kg / ha
2014-10-10 19:00:00-05:00,Clemson University Pee Dee Research and Education Center,Florence,34.289,-79.737,Sorghum bicolor,PI570109,14000.0,kg / ha
2014-09-08 19:00:00-05:00,Clemson University Pee Dee Research and Education Center,Florence,34.289,-79.737,Sorghum bicolor,PI196598,14300.0,kg / ha
2014-08-23 19:00:00-05:00,Clemson University Pee Dee Research and Education Center,Florence,34.289,-79.737,Sorghum bicolor,PI641807,14500.0,kg / ha
2014-09-06 19:00:00-05:00,Clemson University Pee Dee Research and Education Center,Florence,34.289,-79.737,Sorghum bicolor,PI145633,14500.0,kg / ha
2014-10-11 19:00:00-05:00,Clemson University Pee Dee Research and Education Center,Florence,34.289,-79.737,Sorghum bicolor,PI641909,14500.0,kg / ha
2014-08-30 19:00:00-05:00,Clemson University Pee Dee Research and Education Center,Florence,34.289,-79.737,Sorghum bicolor,PI144134,14700.0,kg / ha
2014-09-11 19:00:00-05:00,Clemson University Pee Dee Research and Education Center,Florence,34.289,-79.737,Sorghum bicolor,PI300118,15100.0,kg / ha
2014-10-05 19:00:00-05:00,Clemson University Pee Dee Research and Education Center,Florence,34.289,-79.737,Sorghum bicolor,PI570073,15100.0,kg / ha
2014-10-11 19:00:00-05:00,Clemson University Pee Dee Research and Education Center,Florence,34.289,-79.737,Sorghum bicolor,PI513898,15200.0,kg / ha
2014-09-07 19:00:00-05:00,Clemson University Pee Dee Research and Education Center,Florence,34.289,-79.737,Sorghum bicolor,PI562717,15200.0,kg / ha
2014-08-30 19:00:00-05:00,Clemson University Pee Dee Research and Education Center,Florence,34.289,-79.737,Sorghum bicolor,PI175919,15600.0,kg / ha
2014-08-21 19:00:00-05:00,Clemson University Pee Dee Research and Education Center,Florence,34.289,-79.737,Sorghum bicolor,PI656035,15900.0,kg / ha
2014-10-05 19:00:00-05:00,Clemson University Pee Dee Research and Education Center,Florence,34.289,-79.737,Sorghum bicolor,PI152923,16100.0,kg / ha
2014-10-11 19:00:00-05:00,Clemson University Pee Dee Research and Education Center,Florence,34.289,-79.737,Sorghum bicolor,PI563355,16100.0,kg / ha
2014-08-31 19:00:00-05:00,Clemson University Pee Dee Research and Education Center,Florence,34.289,-79.737,Sorghum bicolor,PI195754,16500.0,kg / ha
2014-10-10 19:00:00-05:00,Clemson University Pee Dee Research and Education Center,Florence,34.289,-79.737,Sorghum bicolor,PI570038,16500.0,kg / ha
2014-09-19 19:00:00-05:00,Clemson University Pee Dee Research and Education Center,Florence,34.289,-79.737,Sorghum bicolor,PI152828,16700.0,kg / ha
2014-10-10 19:00:00-05:00,Clemson University Pee Dee Research and Education Center,Florence,34.289,-79.737,Sorghum bicolor,PI569422,16700.0,kg / ha
2014-09-08 19:00:00-05:00,Clemson University Pee Dee Research and Education Center,Florence,34.289,-79.737,Sorghum bicolor,PI155760,16800.0,kg / ha
2014-10-05 19:00:00-05:00,Clemson University Pee Dee Research and Education Center,Florence,34.289,-79.737,Sorghum bicolor,PI156871,16800.0,kg / ha
2014-08-25 19:00:00-05:00,Clemson University Pee Dee Research and Education Center,Florence,34.289,-79.737,Sorghum bicolor,PI180348,17000.0,kg / ha
2014-08-21 19:00:00-05:00,Clemson University Pee Dee Research and Education Center,Florence,34.289,-79.737,Sorghum bicolor,PI641817,17000.0,kg / ha
2014-08-25 19:00:00-05:00,Clemson University Pee Dee Research and Education Center,Florence,34.289,-79.737,Sorghum bicolor,PI641862,17000.0,kg / ha
2014-08-31 19:00:00-05:00,Clemson University Pee Dee Research and Education Center,Florence,34.289,-79.737,Sorghum bicolor,PI170787,17600.0,kg / ha
2014-10-09 19:00:00-05:00,Clemson University Pee Dee Research and Education Center,Florence,34.289,-79.737,Sorghum bicolor,PI562990,17600.0,kg / ha
2014-08-25 19:00:00-05:00,Clemson University Pee Dee Research and Education Center,Florence,34.289,-79.737,Sorghum bicolor,PI642998,17600.0,kg / ha
2014-08-31 19:00:00-05:00,Clemson University Pee Dee Research and Education Center,Florence,34.289,-79.737,Sorghum bicolor,PI196586,17700.0,kg / ha
2014-10-09 19:00:00-05:00,Clemson University Pee Dee Research and Education Center,Florence,34.289,-79.737,Sorghum bicolor,PI562998,17700.0,kg / ha
2014-10-10 19:00:00-05:00,Clemson University Pee Dee Research and Education Center,Florence,34.289,-79.737,Sorghum bicolor,PI563350,17700.0,kg / ha
2014-10-10 19:00:00-05:00,Clemson University Pee Dee Research and Education Center,Florence,34.289,-79.737,Sorghum bicolor,PI329478,17900.0,kg / ha
2014-10-10 19:00:00-05:00,Clemson University Pee Dee Research and Education Center,Florence,34.289,-79.737,Sorghum bicolor,PI569443,17900.0,kg / ha
2014-10-09 19:00:00-05:00,Clemson University Pee Dee Research and Education Center,Florence,34.289,-79.737,Sorghum bicolor,PI569453,17900.0,kg / ha
2014-10-11 19:00:00-05:00,Clemson University Pee Dee Research and Education Center,Florence,34.289,-79.737,Sorghum bicolor,PI569455,17900.0,kg / ha
2014-09-02 19:00:00-05:00,Clemson University Pee Dee Research and Education Center,Florence,34.289,-79.737,Sorghum bicolor,PI147224,18100.0,kg / ha
2014-10-09 19:00:00-05:00,Clemson University Pee Dee Research and Education Center,Florence,34.289,-79.737,Sorghum bicolor,PI569444,18100.0,kg / ha
2014-10-09 19:00:00-05:00,Clemson University Pee Dee Research and Education Center,Florence,34.289,-79.737,Sorghum bicolor,PI569465,18100.0,kg / ha
2014-08-25 19:00:00-05:00,Clemson University Pee Dee Research and Education Center,Florence,34.289,-79.737,Sorghum bicolor,PI641815,18300.0,kg / ha
2014-10-08 19:00:00-05:00,Clemson University Pee Dee Research and Education Center,Florence,34.289,-79.737,Sorghum bicolor,PI569420,18500.0,kg / ha
2014-10-07 19:00:00-05:00,Clemson University Pee Dee Research and Education Center,Florence,34.289,-79.737,Sorghum bicolor,PI570047,18600.0,kg / ha
2014-10-11 19:00:00-05:00,Clemson University Pee Dee Research and Education Center,Florence,34.289,-79.737,Sorghum bicolor,PI569447,18800.0,kg / ha
2014-08-27 19:00:00-05:00,Clemson University Pee Dee Research and Education Center,Florence,34.289,-79.737,Sorghum bicolor,PI641821,18800.0,kg / ha
2014-08-31 19:00:00-05:00,Clemson University Pee Dee Research and Education Center,Florence,34.289,-79.737,Sorghum bicolor,PI641824,18800.0,kg / ha
2014-10-10 19:00:00-05:00,Clemson University Pee Dee Research and Education Center,Florence,34.289,-79.737,Sorghum bicolor,PI585966,19400.0,kg / ha
2014-09-02 19:00:00-05:00,Clemson University Pee Dee Research and Education Center,Florence,34.289,-79.737,Sorghum bicolor,PI641829,19400.0,kg / ha
2014-09-14 19:00:00-05:00,Clemson University Pee Dee Research and Education Center,Florence,34.289,-79.737,Sorghum bicolor,PI586435,19500.0,kg / ha
2014-09-06 19:00:00-05:00,Clemson University Pee Dee Research and Education Center,Florence,34.289,-79.737,Sorghum bicolor,PI655983,19500.0,kg / ha
2014-10-06 19:00:00-05:00,Clemson University Pee Dee Research and Education Center,Florence,34.289,-79.737,Sorghum bicolor,PI152965,19900.0,kg / ha
2014-10-09 19:00:00-05:00,Clemson University Pee Dee Research and Education Center,Florence,34.289,-79.737,Sorghum bicolor,PI570085,19900.0,kg / ha
2014-10-09 19:00:00-05:00,Clemson University Pee Dee Research and Education Center,Florence,34.289,-79.737,Sorghum bicolor,PI570106,19900.0,kg / ha
2014-10-10 19:00:00-05:00,Clemson University Pee Dee Research and Education Center,Florence,34.289,-79.737,Sorghum bicolor,PI570042,20200.0,kg / ha
2014-08-31 19:00:00-05:00,Clemson University Pee Dee Research and Education Center,Florence,34.289,-79.737,Sorghum bicolor,PI35038,20400.0,kg / ha
2014-10-09 19:00:00-05:00,Clemson University Pee Dee Research and Education Center,Florence,34.289,-79.737,Sorghum bicolor,PI524475,20600.0,kg / ha
2014-09-14 19:00:00-05:00,Clemson University Pee Dee Research and Education Center,Florence,34.289,-79.737,Sorghum bicolor,PI156890,20800.0,kg / ha
2014-10-10 19:00:00-05:00,Clemson University Pee Dee Research and Education Center,Florence,34.289,-79.737,Sorghum bicolor,PI570096,20800.0,kg / ha
2014-08-17 19:00:00-05:00,Clemson University Pee Dee Research and Education Center,Florence,34.289,-79.737,Sorghum bicolor,PI641836,20800.0,kg / ha
2014-10-09 19:00:00-05:00,Clemson University Pee Dee Research and Education Center,Florence,34.289,-79.737,Sorghum bicolor,PI152730,21000.0,kg / ha
2014-10-11 19:00:00-05:00,Clemson University Pee Dee Research and Education Center,Florence,34.289,-79.737,Sorghum bicolor,PI156018,21000.0,kg / ha
2014-08-17 19:00:00-05:00,Clemson University Pee Dee Research and Education Center,Florence,34.289,-79.737,Sorghum bicolor,PI218112,21000.0,kg / ha
2014-10-12 19:00:00-05:00,Clemson University Pee Dee Research and Education Center,Florence,34.289,-79.737,Sorghum bicolor,PI569425,21000.0,kg / ha
2014-10-06 19:00:00-05:00,Clemson University Pee Dee Research and Education Center,Florence,34.289,-79.737,Sorghum bicolor,PI570039,21000.0,kg / ha
2014-10-10 19:00:00-05:00,Clemson University Pee Dee Research and Education Center,Florence,34.289,-79.737,Sorghum bicolor,PI585961,21000.0,kg / ha
2014-10-10 19:00:00-05:00,Clemson University Pee Dee Research and Education Center,Florence,34.289,-79.737,Sorghum bicolor,PI569419,21100.0,kg / ha
2014-09-17 19:00:00-05:00,Clemson University Pee Dee Research and Education Center,Florence,34.289,-79.737,Sorghum bicolor,PI330199,21300.0,kg / ha
2014-10-10 19:00:00-05:00,Clemson University Pee Dee Research and Education Center,Florence,34.289,-79.737,Sorghum bicolor,PI562982,21300.0,kg / ha
2014-10-10 19:00:00-05:00,Clemson University Pee Dee Research and Education Center,Florence,34.289,-79.737,Sorghum bicolor,PI570114,21300.0,kg / ha
2014-10-09 19:00:00-05:00,Clemson University Pee Dee Research and Education Center,Florence,34.289,-79.737,Sorghum bicolor,PI221651,21500.0,kg / ha
2014-10-07 19:00:00-05:00,Clemson University Pee Dee Research and Education Center,Florence,34.289,-79.737,Sorghum bicolor,PI569421,21500.0,kg / ha
2014-10-08 19:00:00-05:00,Clemson University Pee Dee Research and Education Center,Florence,34.289,-79.737,Sorghum bicolor,PI585406,21700.0,kg / ha
2014-10-11 19:00:00-05:00,Clemson University Pee Dee Research and Education Center,Florence,34.289,-79.737,Sorghum bicolor,PI585461,21700.0,kg / ha
2014-09-28 19:00:00-05:00,Clemson University Pee Dee Research and Education Center,Florence,34.289,-79.737,Sorghum bicolor,PI221548,21900.0,kg / ha
2014-09-02 19:00:00-05:00,Clemson University Pee Dee Research and Education Center,Florence,34.289,-79.737,Sorghum bicolor,PI22913,21900.0,kg / ha
2014-10-11 19:00:00-05:00,Clemson University Pee Dee Research and Education Center,Florence,34.289,-79.737,Sorghum bicolor,PI569457,21900.0,kg / ha
2014-10-10 19:00:00-05:00,Clemson University Pee Dee Research and Education Center,Florence,34.289,-79.737,Sorghum bicolor,PI585954,21900.0,kg / ha
2014-10-09 19:00:00-05:00,Clemson University Pee Dee Research and Education Center,Florence,34.289,-79.737,Sorghum bicolor,PI154944,22000.0,kg / ha
2014-10-10 19:00:00-05:00,Clemson University Pee Dee Research and Education Center,Florence,34.289,-79.737,Sorghum bicolor,PI562994,22200.0,kg / ha
2014-10-10 19:00:00-05:00,Clemson University Pee Dee Research and Education Center,Florence,34.289,-79.737,Sorghum bicolor,PI569458,22200.0,kg / ha
2014-10-10 19:00:00-05:00,Clemson University Pee Dee Research and Education Center,Florence,34.289,-79.737,Sorghum bicolor,PI569462,22200.0,kg / ha
2014-10-12 19:00:00-05:00,Clemson University Pee Dee Research and Education Center,Florence,34.289,-79.737,Sorghum bicolor,PI585467,22200.0,kg / ha
2014-10-09 19:00:00-05:00,Clemson University Pee Dee Research and Education Center,Florence,34.289,-79.737,Sorghum bicolor,PI569423,22400.0,kg / ha
2014-09-30 19:00:00-05:00,Clemson University Pee Dee Research and Education Center,Florence,34.289,-79.737,Sorghum bicolor,PI145619,22600.0,kg / ha
2014-10-02 19:00:00-05:00,Clemson University Pee Dee Research and Education Center,Florence,34.289,-79.737,Sorghum bicolor,PI229841,22600.0,kg / ha
2014-10-07 19:00:00-05:00,Clemson University Pee Dee Research and Education Center,Florence,34.289,-79.737,Sorghum bicolor,PI152727,22800.0,kg / ha
2014-10-09 19:00:00-05:00,Clemson University Pee Dee Research and Education Center,Florence,34.289,-79.737,Sorghum bicolor,PI329501,22800.0,kg / ha
2014-10-11 19:00:00-05:00,Clemson University Pee Dee Research and Education Center,Florence,34.289,-79.737,Sorghum bicolor,PI569459,22800.0,kg / ha
2014-10-06 19:00:00-05:00,Clemson University Pee Dee Research and Education Center,Florence,34.289,-79.737,Sorghum bicolor,PI157030,22900.0,kg / ha
2014-10-10 19:00:00-05:00,Clemson University Pee Dee Research and Education Center,Florence,34.289,-79.737,Sorghum bicolor,PI273969,22900.0,kg / ha
2014-10-10 19:00:00-05:00,Clemson University Pee Dee Research and Education Center,Florence,34.289,-79.737,Sorghum bicolor,PI569416,22900.0,kg / ha
2014-10-12 19:00:00-05:00,Clemson University Pee Dee Research and Education Center,Florence,34.289,-79.737,Sorghum bicolor,PI585454,22900.0,kg / ha
2014-09-29 19:00:00-05:00,Clemson University Pee Dee Research and Education Center,Florence,34.289,-79.737,Sorghum bicolor,PI641892,22900.0,kg / ha
2014-09-08 19:00:00-05:00,Clemson University Pee Dee Research and Education Center,Florence,34.289,-79.737,Sorghum bicolor,PI302252,23100.0,kg / ha
2014-10-08 19:00:00-05:00,Clemson University Pee Dee Research and Education Center,Florence,34.289,-79.737,Sorghum bicolor,PI329518,23100.0,kg / ha
2014-10-05 19:00:00-05:00,Clemson University Pee Dee Research and Education Center,Florence,34.289,-79.737,Sorghum bicolor,PI329471,23300.0,kg / ha
2014-10-08 19:00:00-05:00,Clemson University Pee Dee Research and Education Center,Florence,34.289,-79.737,Sorghum bicolor,PI562971,23300.0,kg / ha
2014-10-09 19:00:00-05:00,Clemson University Pee Dee Research and Education Center,Florence,34.289,-79.737,Sorghum bicolor,PI569418,23300.0,kg / ha
2014-10-10 19:00:00-05:00,Clemson University Pee Dee Research and Education Center,Florence,34.289,-79.737,Sorghum bicolor,PI570053,23300.0,kg / ha
2014-10-11 19:00:00-05:00,Clemson University Pee Dee Research and Education Center,Florence,34.289,-79.737,Sorghum bicolor,PI619838,23300.0,kg / ha
2014-10-11 19:00:00-05:00,Clemson University Pee Dee Research and Education Center,Florence,34.289,-79.737,Sorghum bicolor,PI562997,23500.0,kg / ha
2014-10-10 19:00:00-05:00,Clemson University Pee Dee Research and Education Center,Florence,34.289,-79.737,Sorghum bicolor,PI569460,23500.0,kg / ha
2014-10-04 19:00:00-05:00,Clemson University Pee Dee Research and Education Center,Florence,34.289,-79.737,Sorghum bicolor,PI152728,23700.0,kg / ha
2014-10-10 19:00:00-05:00,Clemson University Pee Dee Research and Education Center,Florence,34.289,-79.737,Sorghum bicolor,PI330807,23700.0,kg / ha
2014-10-11 19:00:00-05:00,Clemson University Pee Dee Research and Education Center,Florence,34.289,-79.737,Sorghum bicolor,PI569427,23700.0,kg / ha
2014-10-11 19:00:00-05:00,Clemson University Pee Dee Research and Education Center,Florence,34.289,-79.737,Sorghum bicolor,PI570074,23800.0,kg / ha
2014-10-07 19:00:00-05:00,Clemson University Pee Dee Research and Education Center,Florence,34.289,-79.737,Sorghum bicolor,PI156330,24000.0,kg / ha
2014-08-17 19:00:00-05:00,Clemson University Pee Dee Research and Education Center,Florence,34.289,-79.737,Sorghum bicolor,PI535795,24000.0,kg / ha
2014-10-08 19:00:00-05:00,Clemson University Pee Dee Research and Education Center,Florence,34.289,-79.737,Sorghum bicolor,PI563009,24000.0,kg / ha
2014-09-08 19:00:00-05:00,Clemson University Pee Dee Research and Education Center,Florence,34.289,-79.737,Sorghum bicolor,PI146890,24200.0,kg / ha
2014-10-10 19:00:00-05:00,Clemson University Pee Dee Research and Education Center,Florence,34.289,-79.737,Sorghum bicolor,PI152651,24200.0,kg / ha
2014-10-08 19:00:00-05:00,Clemson University Pee Dee Research and Education Center,Florence,34.289,-79.737,Sorghum bicolor,PI569435,24200.0,kg / ha
2014-10-06 19:00:00-05:00,Clemson University Pee Dee Research and Education Center,Florence,34.289,-79.737,Sorghum bicolor,PI570087,24200.0,kg / ha
2014-10-10 19:00:00-05:00,Clemson University Pee Dee Research and Education Center,Florence,34.289,-79.737,Sorghum bicolor,PI156178,24400.0,kg / ha
2014-10-11 19:00:00-05:00,Clemson University Pee Dee Research and Education Center,Florence,34.289,-79.737,Sorghum bicolor,PI563020,24400.0,kg / ha
2014-10-09 19:00:00-05:00,Clemson University Pee Dee Research and Education Center,Florence,34.289,-79.737,Sorghum bicolor,PI585608,24400.0,kg / ha
2014-08-31 19:00:00-05:00,Clemson University Pee Dee Research and Education Center,Florence,34.289,-79.737,Sorghum bicolor,PI250583,24600.0,kg / ha
2014-10-08 19:00:00-05:00,Clemson University Pee Dee Research and Education Center,Florence,34.289,-79.737,Sorghum bicolor,PI646266,24600.0,kg / ha
2014-10-08 19:00:00-05:00,Clemson University Pee Dee Research and Education Center,Florence,34.289,-79.737,Sorghum bicolor,PI569886,24700.0,kg / ha
2014-10-10 19:00:00-05:00,Clemson University Pee Dee Research and Education Center,Florence,34.289,-79.737,Sorghum bicolor,PI570076,24900.0,kg / ha
2014-09-17 19:00:00-05:00,Clemson University Pee Dee Research and Education Center,Florence,34.289,-79.737,Sorghum bicolor,PI586541,24900.0,kg / ha
2014-08-31 19:00:00-05:00,Clemson University Pee Dee Research and Education Center,Florence,34.289,-79.737,Sorghum bicolor,PI63715,24900.0,kg / ha
2014-10-10 19:00:00-05:00,Clemson University Pee Dee Research and Education Center,Florence,34.289,-79.737,Sorghum bicolor,PI152816,25100.0,kg / ha
2014-10-09 19:00:00-05:00,Clemson University Pee Dee Research and Education Center,Florence,34.289,-79.737,Sorghum bicolor,PI506114,25100.0,kg / ha
2014-10-10 19:00:00-05:00,Clemson University Pee Dee Research and Education Center,Florence,34.289,-79.737,Sorghum bicolor,PI562897,25100.0,kg / ha
2014-10-10 19:00:00-05:00,Clemson University Pee Dee Research and Education Center,Florence,34.289,-79.737,Sorghum bicolor,PI646242,25100.0,kg / ha
2014-08-25 19:00:00-05:00,Clemson University Pee Dee Research and Education Center,Florence,34.289,-79.737,Sorghum bicolor,PI176766,25300.0,kg / ha
2014-10-10 19:00:00-05:00,Clemson University Pee Dee Research and Education Center,Florence,34.289,-79.737,Sorghum bicolor,PI329326,25300.0,kg / ha
2014-10-08 19:00:00-05:00,Clemson University Pee Dee Research and Education Center,Florence,34.289,-79.737,Sorghum bicolor,PI562991,25300.0,kg / ha
2014-10-06 19:00:00-05:00,Clemson University Pee Dee Research and Education Center,Florence,34.289,-79.737,Sorghum bicolor,PI570071,25300.0,kg / ha
2014-10-07 19:00:00-05:00,Clemson University Pee Dee Research and Education Center,Florence,34.289,-79.737,Sorghum bicolor,PI329338,25400.0,kg / ha
2014-10-07 19:00:00-05:00,Clemson University Pee Dee Research and Education Center,Florence,34.289,-79.737,Sorghum bicolor,PI570091,25400.0,kg / ha
2014-09-17 19:00:00-05:00,Clemson University Pee Dee Research and Education Center,Florence,34.289,-79.737,Sorghum bicolor,PI167093,25600.0,kg / ha
2014-09-14 19:00:00-05:00,Clemson University Pee Dee Research and Education Center,Florence,34.289,-79.737,Sorghum bicolor,PI196583,25600.0,kg / ha
2014-10-09 19:00:00-05:00,Clemson University Pee Dee Research and Education Center,Florence,34.289,-79.737,Sorghum bicolor,PI563295,25600.0,kg / ha
2014-10-06 19:00:00-05:00,Clemson University Pee Dee Research and Education Center,Florence,34.289,-79.737,Sorghum bicolor,PI570075,25600.0,kg / ha
2014-10-10 19:00:00-05:00,Clemson University Pee Dee Research and Education Center,Florence,34.289,-79.737,Sorghum bicolor,PI563021,25800.0,kg / ha
2014-10-11 19:00:00-05:00,Clemson University Pee Dee Research and Education Center,Florence,34.289,-79.737,Sorghum bicolor,PI570371,25800.0,kg / ha
2014-10-11 19:00:00-05:00,Clemson University Pee Dee Research and Education Center,Florence,34.289,-79.737,Sorghum bicolor,PI156463,26200.0,kg / ha
2014-10-09 19:00:00-05:00,Clemson University Pee Dee Research and Education Center,Florence,34.289,-79.737,Sorghum bicolor,PI453177,26200.0,kg / ha
2014-10-11 19:00:00-05:00,Clemson University Pee Dee Research and Education Center,Florence,34.289,-79.737,Sorghum bicolor,PI506069,26200.0,kg / ha
2014-08-31 19:00:00-05:00,Clemson University Pee Dee Research and Education Center,Florence,34.289,-79.737,Sorghum bicolor,PI535785,26200.0,kg / ha
2014-10-08 19:00:00-05:00,Clemson University Pee Dee Research and Education Center,Florence,34.289,-79.737,Sorghum bicolor,PI562981,26200.0,kg / ha
2014-08-29 19:00:00-05:00,Clemson University Pee Dee Research and Education Center,Florence,34.289,-79.737,Sorghum bicolor,PI19770,26500.0,kg / ha
2014-10-06 19:00:00-05:00,Clemson University Pee Dee Research and Education Center,Florence,34.289,-79.737,Sorghum bicolor,PI570400,26500.0,kg / ha
2014-10-11 19:00:00-05:00,Clemson University Pee Dee Research and Education Center,Florence,34.289,-79.737,Sorghum bicolor,PI569445,26700.0,kg / ha
2014-10-11 19:00:00-05:00,Clemson University Pee Dee Research and Education Center,Florence,34.289,-79.737,Sorghum bicolor,PI570031,26700.0,kg / ha
2014-08-30 19:00:00-05:00,Clemson University Pee Dee Research and Education Center,Florence,34.289,-79.737,Sorghum bicolor,PI641810,26700.0,kg / ha
2014-10-10 19:00:00-05:00,Clemson University Pee Dee Research and Education Center,Florence,34.289,-79.737,Sorghum bicolor,PI329506,26900.0,kg / ha
2014-10-06 19:00:00-05:00,Clemson University Pee Dee Research and Education Center,Florence,34.289,-79.737,Sorghum bicolor,PI297171,27100.0,kg / ha
2014-08-17 19:00:00-05:00,Clemson University Pee Dee Research and Education Center,Florence,34.289,-79.737,Sorghum bicolor,PI535783,27100.0,kg / ha
2014-10-11 19:00:00-05:00,Clemson University Pee Dee Research and Education Center,Florence,34.289,-79.737,Sorghum bicolor,PI156203,27200.0,kg / ha
2014-10-09 19:00:00-05:00,Clemson University Pee Dee Research and Education Center,Florence,34.289,-79.737,Sorghum bicolor,PI329632,27200.0,kg / ha
2014-10-06 19:00:00-05:00,Clemson University Pee Dee Research and Education Center,Florence,34.289,-79.737,Sorghum bicolor,PI329710,27200.0,kg / ha
2014-10-10 19:00:00-05:00,Clemson University Pee Dee Research and Education Center,Florence,34.289,-79.737,Sorghum bicolor,PI329614,27400.0,kg / ha
2014-10-11 19:00:00-05:00,Clemson University Pee Dee Research and Education Center,Florence,34.289,-79.737,Sorghum bicolor,PI329570,27600.0,kg / ha
2014-10-06 19:00:00-05:00,Clemson University Pee Dee Research and Education Center,Florence,34.289,-79.737,Sorghum bicolor,PI562985,27600.0,kg / ha
2014-10-10 19:00:00-05:00,Clemson University Pee Dee Research and Education Center,Florence,34.289,-79.737,Sorghum bicolor,PI329519,27800.0,kg / ha
2014-10-11 19:00:00-05:00,Clemson University Pee Dee Research and Education Center,Florence,34.289,-79.737,Sorghum bicolor,PI562970,27800.0,kg / ha
2014-10-09 19:00:00-05:00,Clemson University Pee Dee Research and Education Center,Florence,34.289,-79.737,Sorghum bicolor,PI152963,28000.0,kg / ha
2014-10-07 19:00:00-05:00,Clemson University Pee Dee Research and Education Center,Florence,34.289,-79.737,Sorghum bicolor,PI573193,28000.0,kg / ha
2014-10-06 19:00:00-05:00,Clemson University Pee Dee Research and Education Center,Florence,34.289,-79.737,Sorghum bicolor,PI585577,28000.0,kg / ha
2014-09-08 19:00:00-05:00,Clemson University Pee Dee Research and Education Center,Florence,34.289,-79.737,Sorghum bicolor,PI586537,28100.0,kg / ha
2014-09-17 19:00:00-05:00,Clemson University Pee Dee Research and Education Center,Florence,34.289,-79.737,Sorghum bicolor,PI251672,28300.0,kg / ha
2014-10-10 19:00:00-05:00,Clemson University Pee Dee Research and Education Center,Florence,34.289,-79.737,Sorghum bicolor,PI568717,28300.0,kg / ha
2014-10-11 19:00:00-05:00,Clemson University Pee Dee Research and Education Center,Florence,34.289,-79.737,Sorghum bicolor,PI563348,28500.0,kg / ha
2014-09-28 19:00:00-05:00,Clemson University Pee Dee Research and Education Center,Florence,34.289,-79.737,Sorghum bicolor,PI569090,28500.0,kg / ha
2014-10-11 19:00:00-05:00,Clemson University Pee Dee Research and Education Center,Florence,34.289,-79.737,Sorghum bicolor,PI563022,28700.0,kg / ha
2014-10-11 19:00:00-05:00,Clemson University Pee Dee Research and Education Center,Florence,34.289,-79.737,Sorghum bicolor,PI303658,28900.0,kg / ha
2014-10-09 19:00:00-05:00,Clemson University Pee Dee Research and Education Center,Florence,34.289,-79.737,Sorghum bicolor,PI506030,28900.0,kg / ha
2014-10-08 19:00:00-05:00,Clemson University Pee Dee Research and Education Center,Florence,34.289,-79.737,Sorghum bicolor,PI508366,28900.0,kg / ha
2014-08-31 19:00:00-05:00,Clemson University Pee Dee Research and Education Center,Florence,34.289,-79.737,Sorghum bicolor,PI641860,29000.0,kg / ha
2014-10-07 19:00:00-05:00,Clemson University Pee Dee Research and Education Center,Florence,34.289,-79.737,Sorghum bicolor,PI569433,29200.0,kg / ha
2014-10-11 19:00:00-05:00,Clemson University Pee Dee Research and Education Center,Florence,34.289,-79.737,Sorghum bicolor,PI620072,29600.0,kg / ha
2014-10-10 19:00:00-05:00,Clemson University Pee Dee Research and Education Center,Florence,34.289,-79.737,Sorghum bicolor,PI506122,29700.0,kg / ha
2014-10-08 19:00:00-05:00,Clemson University Pee Dee Research and Education Center,Florence,34.289,-79.737,Sorghum bicolor,PI570110,29700.0,kg / ha
2014-09-20 19:00:00-05:00,Clemson University Pee Dee Research and Education Center,Florence,34.289,-79.737,Sorghum bicolor,PI651495,29700.0,kg / ha
2014-09-28 19:00:00-05:00,Clemson University Pee Dee Research and Education Center,Florence,34.289,-79.737,Sorghum bicolor,PI651496,29900.0,kg / ha
2014-10-09 19:00:00-05:00,Clemson University Pee Dee Research and Education Center,Florence,34.289,-79.737,Sorghum bicolor,PI329541,30100.0,kg / ha
2014-08-17 19:00:00-05:00,Clemson University Pee Dee Research and Education Center,Florence,34.289,-79.737,Sorghum bicolor,PI535796,30100.0,kg / ha
2014-10-10 19:00:00-05:00,Clemson University Pee Dee Research and Education Center,Florence,34.289,-79.737,Sorghum bicolor,PI570373,30100.0,kg / ha
2014-10-09 19:00:00-05:00,Clemson University Pee Dee Research and Education Center,Florence,34.289,-79.737,Sorghum bicolor,PI570254,30300.0,kg / ha
2014-09-14 19:00:00-05:00,Clemson University Pee Dee Research and Education Center,Florence,34.289,-79.737,Sorghum bicolor,PI641834,30300.0,kg / ha
2014-10-14 19:00:00-05:00,Clemson University Pee Dee Research and Education Center,Florence,34.289,-79.737,Sorghum bicolor,PI337680,30500.0,kg / ha
2014-10-10 19:00:00-05:00,Clemson University Pee Dee Research and Education Center,Florence,34.289,-79.737,Sorghum bicolor,PI562781,30500.0,kg / ha
2014-10-09 19:00:00-05:00,Clemson University Pee Dee Research and Education Center,Florence,34.289,-79.737,Sorghum bicolor,PI152860,30600.0,kg / ha
2014-10-11 19:00:00-05:00,Clemson University Pee Dee Research and Education Center,Florence,34.289,-79.737,Sorghum bicolor,PI153877,30600.0,kg / ha
2014-09-14 19:00:00-05:00,Clemson University Pee Dee Research and Education Center,Florence,34.289,-79.737,Sorghum bicolor,PI255744,30600.0,kg / ha
2014-10-09 19:00:00-05:00,Clemson University Pee Dee Research and Education Center,Florence,34.289,-79.737,Sorghum bicolor,PI329615,30600.0,kg / ha
2014-10-10 19:00:00-05:00,Clemson University Pee Dee Research and Education Center,Florence,34.289,-79.737,Sorghum bicolor,PI585452,30600.0,kg / ha
2014-10-11 19:00:00-05:00,Clemson University Pee Dee Research and Education Center,Florence,34.289,-79.737,Sorghum bicolor,PI156217,30800.0,kg / ha
2014-09-14 19:00:00-05:00,Clemson University Pee Dee Research and Education Center,Florence,34.289,-79.737,Sorghum bicolor,PI641807,30800.0,kg / ha
2014-10-08 19:00:00-05:00,Clemson University Pee Dee Research and Education Center,Florence,34.289,-79.737,Sorghum bicolor,PI156326,31200.0,kg / ha
2014-10-07 19:00:00-05:00,Clemson University Pee Dee Research and Education Center,Florence,34.289,-79.737,Sorghum bicolor,PI329673,31200.0,kg / ha
2014-10-09 19:00:00-05:00,Clemson University Pee Dee Research and Education Center,Florence,34.289,-79.737,Sorghum bicolor,PI329605,31400.0,kg / ha
2014-10-06 19:00:00-05:00,Clemson University Pee Dee Research and Education Center,Florence,34.289,-79.737,Sorghum bicolor,PI455280,31500.0,kg / ha
2014-10-12 19:00:00-05:00,Clemson University Pee Dee Research and Education Center,Florence,34.289,-79.737,Sorghum bicolor,PI569454,31500.0,kg / ha
2014-10-09 19:00:00-05:00,Clemson University Pee Dee Research and Education Center,Florence,34.289,-79.737,Sorghum bicolor,PI329554,31700.0,kg / ha
2014-10-10 19:00:00-05:00,Clemson University Pee Dee Research and Education Center,Florence,34.289,-79.737,Sorghum bicolor,PI619807,31900.0,kg / ha
2014-10-10 19:00:00-05:00,Clemson University Pee Dee Research and Education Center,Florence,34.289,-79.737,Sorghum bicolor,PI266927,32300.0,kg / ha
2014-10-07 19:00:00-05:00,Clemson University Pee Dee Research and Education Center,Florence,34.289,-79.737,Sorghum bicolor,PI329286,32300.0,kg / ha
2014-10-08 19:00:00-05:00,Clemson University Pee Dee Research and Education Center,Florence,34.289,-79.737,Sorghum bicolor,PI329583,32300.0,kg / ha
2014-10-10 19:00:00-05:00,Clemson University Pee Dee Research and Education Center,Florence,34.289,-79.737,Sorghum bicolor,PI329545,32400.0,kg / ha
2014-10-09 19:00:00-05:00,Clemson University Pee Dee Research and Education Center,Florence,34.289,-79.737,Sorghum bicolor,PI329618,32400.0,kg / ha
2014-10-08 19:00:00-05:00,Clemson University Pee Dee Research and Education Center,Florence,34.289,-79.737,Sorghum bicolor,PI583832,32400.0,kg / ha
2014-10-10 19:00:00-05:00,Clemson University Pee Dee Research and Education Center,Florence,34.289,-79.737,Sorghum bicolor,PI155885,32800.0,kg / ha
2014-10-11 19:00:00-05:00,Clemson University Pee Dee Research and Education Center,Florence,34.289,-79.737,Sorghum bicolor,PI152771,33000.0,kg / ha
2014-10-10 19:00:00-05:00,Clemson University Pee Dee Research and Education Center,Florence,34.289,-79.737,Sorghum bicolor,PI152971,33200.0,kg / ha
2014-09-27 19:00:00-05:00,Clemson University Pee Dee Research and Education Center,Florence,34.289,-79.737,Sorghum bicolor,PI329466,33200.0,kg / ha
2014-10-09 19:00:00-05:00,Clemson University Pee Dee Research and Education Center,Florence,34.289,-79.737,Sorghum bicolor,PI329585,33300.0,kg / ha
2014-10-10 19:00:00-05:00,Clemson University Pee Dee Research and Education Center,Florence,34.289,-79.737,Sorghum bicolor,PI521280,33300.0,kg / ha
2014-08-30 19:00:00-05:00,Clemson University Pee Dee Research and Education Center,Florence,34.289,-79.737,Sorghum bicolor,PI641835,33300.0,kg / ha
2014-10-01 19:00:00-05:00,Clemson University Pee Dee Research and Education Center,Florence,34.289,-79.737,Sorghum bicolor,PI145626,33700.0,kg / ha
2014-10-09 19:00:00-05:00,Clemson University Pee Dee Research and Education Center,Florence,34.289,-79.737,Sorghum bicolor,PI505717,33700.0,kg / ha
2014-10-11 19:00:00-05:00,Clemson University Pee Dee Research and Education Center,Florence,34.289,-79.737,Sorghum bicolor,PI562730,33700.0,kg / ha
2014-10-09 19:00:00-05:00,Clemson University Pee Dee Research and Education Center,Florence,34.289,-79.737,Sorghum bicolor,PI155516,33900.0,kg / ha
2014-10-11 19:00:00-05:00,Clemson University Pee Dee Research and Education Center,Florence,34.289,-79.737,Sorghum bicolor,PI329517,33900.0,kg / ha
2014-10-10 19:00:00-05:00,Clemson University Pee Dee Research and Education Center,Florence,34.289,-79.737,Sorghum bicolor,PI646251,33900.0,kg / ha
2014-10-09 19:00:00-05:00,Clemson University Pee Dee Research and Education Center,Florence,34.289,-79.737,Sorghum bicolor,PI152591,34200.0,kg / ha
2014-10-10 19:00:00-05:00,Clemson University Pee Dee Research and Education Center,Florence,34.289,-79.737,Sorghum bicolor,PI157033,34400.0,kg / ha
2014-10-10 19:00:00-05:00,Clemson University Pee Dee Research and Education Center,Florence,34.289,-79.737,Sorghum bicolor,PI154846,34600.0,kg / ha
2014-10-10 19:00:00-05:00,Clemson University Pee Dee Research and Education Center,Florence,34.289,-79.737,Sorghum bicolor,PI156393,34800.0,kg / ha
2014-10-10 19:00:00-05:00,Clemson University Pee Dee Research and Education Center,Florence,34.289,-79.737,Sorghum bicolor,PI329617,34800.0,kg / ha
2014-10-11 19:00:00-05:00,Clemson University Pee Dee Research and Education Center,Florence,34.289,-79.737,Sorghum bicolor,PI330195,34800.0,kg / ha
2014-10-11 19:00:00-05:00,Clemson University Pee Dee Research and Education Center,Florence,34.289,-79.737,Sorghum bicolor,PI157035,34900.0,kg / ha
2014-10-09 19:00:00-05:00,Clemson University Pee Dee Research and Education Center,Florence,34.289,-79.737,Sorghum bicolor,PI154987,35100.0,kg / ha
2014-10-10 19:00:00-05:00,Clemson University Pee Dee Research and Education Center,Florence,34.289,-79.737,Sorghum bicolor,PI297130,35300.0,kg / ha
2014-10-09 19:00:00-05:00,Clemson University Pee Dee Research and Education Center,Florence,34.289,-79.737,Sorghum bicolor,PI330184,35300.0,kg / ha
2014-10-11 19:00:00-05:00,Clemson University Pee Dee Research and Education Center,Florence,34.289,-79.737,Sorghum bicolor,PI521281,35300.0,kg / ha
2014-10-10 19:00:00-05:00,Clemson University Pee Dee Research and Education Center,Florence,34.289,-79.737,Sorghum bicolor,PI152966,35500.0,kg / ha
2014-10-11 19:00:00-05:00,Clemson University Pee Dee Research and Education Center,Florence,34.289,-79.737,Sorghum bicolor,PI455221,35500.0,kg / ha
2014-10-10 19:00:00-05:00,Clemson University Pee Dee Research and Education Center,Florence,34.289,-79.737,Sorghum bicolor,PI586443,35500.0,kg / ha
2014-09-17 19:00:00-05:00,Clemson University Pee Dee Research and Education Center,Florence,34.289,-79.737,Sorghum bicolor,PI651491,35500.0,kg / ha
2014-10-09 19:00:00-05:00,Clemson University Pee Dee Research and Education Center,Florence,34.289,-79.737,Sorghum bicolor,PI329550,35700.0,kg / ha
2014-10-07 19:00:00-05:00,Clemson University Pee Dee Research and Education Center,Florence,34.289,-79.737,Sorghum bicolor,PI521019,35800.0,kg / ha
2014-10-09 19:00:00-05:00,Clemson University Pee Dee Research and Education Center,Florence,34.289,-79.737,Sorghum bicolor,PI514456,36000.0,kg / ha
2014-10-10 19:00:00-05:00,Clemson University Pee Dee Research and Education Center,Florence,34.289,-79.737,Sorghum bicolor,PI643008,36000.0,kg / ha
2014-10-11 19:00:00-05:00,Clemson University Pee Dee Research and Education Center,Florence,34.289,-79.737,Sorghum bicolor,PI152967,36200.0,kg / ha
2014-10-07 19:00:00-05:00,Clemson University Pee Dee Research and Education Center,Florence,34.289,-79.737,Sorghum bicolor,PI330196,36200.0,kg / ha
2014-10-10 19:00:00-05:00,Clemson University Pee Dee Research and Education Center,Florence,34.289,-79.737,Sorghum bicolor,PI505722,36600.0,kg / ha
2014-10-10 19:00:00-05:00,Clemson University Pee Dee Research and Education Center,Florence,34.289,-79.737,Sorghum bicolor,PI521152,36600.0,kg / ha
2014-10-10 19:00:00-05:00,Clemson University Pee Dee Research and Education Center,Florence,34.289,-79.737,Sorghum bicolor,PI521290,36600.0,kg / ha
2014-10-06 19:00:00-05:00,Clemson University Pee Dee Research and Education Center,Florence,34.289,-79.737,Sorghum bicolor,PI267573,36700.0,kg / ha
2014-10-07 19:00:00-05:00,Clemson University Pee Dee Research and Education Center,Florence,34.289,-79.737,Sorghum bicolor,PI563196,36900.0,kg / ha
2014-09-28 19:00:00-05:00,Clemson University Pee Dee Research and Education Center,Florence,34.289,-79.737,Sorghum bicolor,RIO,37100.0,kg / ha
2014-10-09 19:00:00-05:00,Clemson University Pee Dee Research and Education Center,Florence,34.289,-79.737,Sorghum bicolor,PI570393,37300.0,kg / ha
2014-10-11 19:00:00-05:00,Clemson University Pee Dee Research and Education Center,Florence,34.289,-79.737,Sorghum bicolor,PI585448,37600.0,kg / ha
2014-09-20 19:00:00-05:00,Clemson University Pee Dee Research and Education Center,Florence,34.289,-79.737,Sorghum bicolor,PI291246,38000.0,kg / ha
2014-10-10 19:00:00-05:00,Clemson University Pee Dee Research and Education Center,Florence,34.289,-79.737,Sorghum bicolor,PI257600,38200.0,kg / ha
2014-10-06 19:00:00-05:00,Clemson University Pee Dee Research and Education Center,Florence,34.289,-79.737,Sorghum bicolor,PI329319,38300.0,kg / ha
2014-08-31 19:00:00-05:00,Clemson University Pee Dee Research and Education Center,Florence,34.289,-79.737,Sorghum bicolor,PI586499,38500.0,kg / ha
2014-10-05 19:00:00-05:00,Clemson University Pee Dee Research and Education Center,Florence,34.289,-79.737,Sorghum bicolor,PI329480,38700.0,kg / ha
2014-10-05 19:00:00-05:00,Clemson University Pee Dee Research and Education Center,Florence,34.289,-79.737,Sorghum bicolor,PI329584,38700.0,kg / ha
2014-10-08 19:00:00-05:00,Clemson University Pee Dee Research and Education Center,Florence,34.289,-79.737,Sorghum bicolor,PI505735,38700.0,kg / ha
2014-10-09 19:00:00-05:00,Clemson University Pee Dee Research and Education Center,Florence,34.289,-79.737,Sorghum bicolor,PI329351,39100.0,kg / ha
2014-10-11 19:00:00-05:00,Clemson University Pee Dee Research and Education Center,Florence,34.289,-79.737,Sorghum bicolor,PI330833,39200.0,kg / ha
2014-10-10 19:00:00-05:00,Clemson University Pee Dee Research and Education Center,Florence,34.289,-79.737,Sorghum bicolor,PI563032,39200.0,kg / ha
2014-10-06 19:00:00-05:00,Clemson University Pee Dee Research and Education Center,Florence,34.289,-79.737,Sorghum bicolor,PI152961,39800.0,kg / ha
2014-10-09 19:00:00-05:00,Clemson University Pee Dee Research and Education Center,Florence,34.289,-79.737,Sorghum bicolor,PI510757,39800.0,kg / ha
2014-10-09 19:00:00-05:00,Clemson University Pee Dee Research and Education Center,Florence,34.289,-79.737,Sorghum bicolor,PI329465,40000.0,kg / ha
2014-10-10 19:00:00-05:00,Clemson University Pee Dee Research and Education Center,Florence,34.289,-79.737,Sorghum bicolor,PI570090,40100.0,kg / ha
2014-10-10 19:00:00-05:00,Clemson University Pee Dee Research and Education Center,Florence,34.289,-79.737,Sorghum bicolor,PI152733,40500.0,kg / ha
2014-10-09 19:00:00-05:00,Clemson University Pee Dee Research and Education Center,Florence,34.289,-79.737,Sorghum bicolor,PI329546,40500.0,kg / ha
2014-10-10 19:00:00-05:00,Clemson University Pee Dee Research and Education Center,Florence,34.289,-79.737,Sorghum bicolor,PI330803,40500.0,kg / ha
2014-10-10 19:00:00-05:00,Clemson University Pee Dee Research and Education Center,Florence,34.289,-79.737,Sorghum bicolor,PI330858,40500.0,kg / ha
2014-10-10 19:00:00-05:00,Clemson University Pee Dee Research and Education Center,Florence,34.289,-79.737,Sorghum bicolor,PI329551,40700.0,kg / ha
2014-10-09 19:00:00-05:00,Clemson University Pee Dee Research and Education Center,Florence,34.289,-79.737,Sorghum bicolor,PI329699,40700.0,kg / ha
2014-10-10 19:00:00-05:00,Clemson University Pee Dee Research and Education Center,Florence,34.289,-79.737,Sorghum bicolor,PI525049,40900.0,kg / ha
2014-10-07 19:00:00-05:00,Clemson University Pee Dee Research and Education Center,Florence,34.289,-79.737,Sorghum bicolor,PI257599,41200.0,kg / ha
2014-10-10 19:00:00-05:00,Clemson University Pee Dee Research and Education Center,Florence,34.289,-79.737,Sorghum bicolor,PI329665,41400.0,kg / ha
2014-10-10 19:00:00-05:00,Clemson University Pee Dee Research and Education Center,Florence,34.289,-79.737,Sorghum bicolor,PI455307,41400.0,kg / ha
2014-10-09 19:00:00-05:00,Clemson University Pee Dee Research and Education Center,Florence,34.289,-79.737,Sorghum bicolor,PI329644,41600.0,kg / ha
2014-10-09 19:00:00-05:00,Clemson University Pee Dee Research and Education Center,Florence,34.289,-79.737,Sorghum bicolor,PI273465,41800.0,kg / ha
2014-10-10 19:00:00-05:00,Clemson University Pee Dee Research and Education Center,Florence,34.289,-79.737,Sorghum bicolor,PI330796,41800.0,kg / ha
2014-10-10 19:00:00-05:00,Clemson University Pee Dee Research and Education Center,Florence,34.289,-79.737,Sorghum bicolor,PI563006,43000.0,kg / ha
2014-10-09 19:00:00-05:00,Clemson University Pee Dee Research and Education Center,Florence,34.289,-79.737,Sorghum bicolor,PI620157,43400.0,kg / ha
2014-10-09 19:00:00-05:00,Clemson University Pee Dee Research and Education Center,Florence,34.289,-79.737,Sorghum bicolor,PI511355,44100.0,kg / ha
2014-09-17 19:00:00-05:00,Clemson University Pee Dee Research and Education Center,Florence,34.289,-79.737,Sorghum bicolor,PI641850,44100.0,kg / ha
2014-10-10 19:00:00-05:00,Clemson University Pee Dee Research and Education Center,Florence,34.289,-79.737,Sorghum bicolor,PI643016,44100.0,kg / ha
2014-10-06 19:00:00-05:00,Clemson University Pee Dee Research and Education Center,Florence,34.289,-79.737,Sorghum bicolor,PI653617,44100.0,kg / ha
2014-10-09 19:00:00-05:00,Clemson University Pee Dee Research and Education Center,Florence,34.289,-79.737,Sorghum bicolor,PI329440,45000.0,kg / ha
2014-10-10 19:00:00-05:00,Clemson University Pee Dee Research and Education Center,Florence,34.289,-79.737,Sorghum bicolor,PI156487,45500.0,kg / ha
2014-10-08 19:00:00-05:00,Clemson University Pee Dee Research and Education Center,Florence,34.289,-79.737,Sorghum bicolor,PI329510,45500.0,kg / ha
2014-10-10 19:00:00-05:00,Clemson University Pee Dee Research and Education Center,Florence,34.289,-79.737,Sorghum bicolor,PI569264,45700.0,kg / ha
2014-10-09 19:00:00-05:00,Clemson University Pee Dee Research and Education Center,Florence,34.289,-79.737,Sorghum bicolor,PI455301,45900.0,kg / ha
2014-09-17 19:00:00-05:00,Clemson University Pee Dee Research and Education Center,Florence,34.289,-79.737,Sorghum bicolor,PI569244,46600.0,kg / ha
2014-10-11 19:00:00-05:00,Clemson University Pee Dee Research and Education Center,Florence,34.289,-79.737,Sorghum bicolor,PI570431,46600.0,kg / ha
2014-10-10 19:00:00-05:00,Clemson University Pee Dee Research and Education Center,Florence,34.289,-79.737,Sorghum bicolor,PI152751,46800.0,kg / ha
2014-10-10 19:00:00-05:00,Clemson University Pee Dee Research and Education Center,Florence,34.289,-79.737,Sorghum bicolor,PI570388,46800.0,kg / ha
2014-10-10 19:00:00-05:00,Clemson University Pee Dee Research and Education Center,Florence,34.289,-79.737,Sorghum bicolor,PI330167,47000.0,kg / ha
2014-10-11 19:00:00-05:00,Clemson University Pee Dee Research and Education Center,Florence,34.289,-79.737,Sorghum bicolor,PI563338,47700.0,kg / ha
2014-10-04 19:00:00-05:00,Clemson University Pee Dee Research and Education Center,Florence,34.289,-79.737,Sorghum bicolor,PI329646,48000.0,kg / ha
2014-10-09 19:00:00-05:00,Clemson University Pee Dee Research and Education Center,Florence,34.289,-79.737,Sorghum bicolor,PI330169,48600.0,kg / ha
2014-10-02 19:00:00-05:00,Clemson University Pee Dee Research and Education Center,Florence,34.289,-79.737,Sorghum bicolor,PI651493,48600.0,kg / ha
2014-10-14 19:00:00-05:00,Clemson University Pee Dee Research and Education Center,Florence,34.289,-79.737,Sorghum bicolor,PI329473,49100.0,kg / ha
2014-09-18 19:00:00-05:00,Clemson University Pee Dee Research and Education Center,Florence,34.289,-79.737,Sorghum bicolor,PI566819,49100.0,kg / ha
2014-10-11 19:00:00-05:00,Clemson University Pee Dee Research and Education Center,Florence,34.289,-79.737,Sorghum bicolor,PI329333,49300.0,kg / ha
2014-10-11 19:00:00-05:00,Clemson University Pee Dee Research and Education Center,Florence,34.289,-79.737,Sorghum bicolor,PI152862,49800.0,kg / ha
2014-10-07 19:00:00-05:00,Clemson University Pee Dee Research and Education Center,Florence,34.289,-79.737,Sorghum bicolor,PI563222,50000.0,kg / ha
2014-10-10 19:00:00-05:00,Clemson University Pee Dee Research and Education Center,Florence,34.289,-79.737,Sorghum bicolor,PI276837,51300.0,kg / ha
2014-10-10 19:00:00-05:00,Clemson University Pee Dee Research and Education Center,Florence,34.289,-79.737,Sorghum bicolor,PI154750,51800.0,kg / ha
2014-09-29 19:00:00-05:00,Clemson University Pee Dee Research and Education Center,Florence,34.289,-79.737,Sorghum bicolor,PI152694,52100.0,kg / ha
2014-10-09 19:00:00-05:00,Clemson University Pee Dee Research and Education Center,Florence,34.289,-79.737,Sorghum bicolor,PI329864,52500.0,kg / ha
2014-10-10 19:00:00-05:00,Clemson University Pee Dee Research and Education Center,Florence,34.289,-79.737,Sorghum bicolor,PI329711,52700.0,kg / ha
2014-09-30 19:00:00-05:00,Clemson University Pee Dee Research and Education Center,Florence,34.289,-79.737,Sorghum bicolor,PI329301,54800.0,kg / ha
2014-10-11 19:00:00-05:00,Clemson University Pee Dee Research and Education Center,Florence,34.289,-79.737,Sorghum bicolor,PI452542,55200.0,kg / ha
2014-10-09 19:00:00-05:00,Clemson University Pee Dee Research and Education Center,Florence,34.289,-79.737,Sorghum bicolor,PI329702,55400.0,kg / ha
2014-10-09 19:00:00-05:00,Clemson University Pee Dee Research and Education Center,Florence,34.289,-79.737,Sorghum bicolor,PI329865,55900.0,kg / ha
2014-10-09 19:00:00-05:00,Clemson University Pee Dee Research and Education Center,Florence,34.289,-79.737,Sorghum bicolor,PI337689,56100.0,kg / ha
2014-10-05 19:00:00-05:00,Clemson University Pee Dee Research and Education Center,Florence,34.289,-79.737,Sorghum bicolor,PI329569,56300.0,kg / ha
2014-10-11 19:00:00-05:00,Clemson University Pee Dee Research and Education Center,Florence,34.289,-79.737,Sorghum bicolor,PI155149,57000.0,kg / ha
2014-10-11 19:00:00-05:00,Clemson University Pee Dee Research and Education Center,Florence,34.289,-79.737,Sorghum bicolor,PI154844,57700.0,kg / ha
2014-10-08 19:00:00-05:00,Clemson University Pee Dee Research and Education Center,Florence,34.289,-79.737,Sorghum bicolor,PI570145,57700.0,kg / ha
2014-10-09 19:00:00-05:00,Clemson University Pee Dee Research and Education Center,Florence,34.289,-79.737,Sorghum bicolor,PI329841,57900.0,kg / ha
2014-09-14 19:00:00-05:00,Clemson University Pee Dee Research and Education Center,Florence,34.289,-79.737,Sorghum bicolor,PI653616,57900.0,kg / ha
2014-09-17 19:00:00-05:00,Clemson University Pee Dee Research and Education Center,Florence,34.289,-79.737,Sorghum bicolor,PI653616,58600.0,kg / ha
2014-10-08 19:00:00-05:00,Clemson University Pee Dee Research and Education Center,Florence,34.289,-79.737,Sorghum bicolor,PI329300,59100.0,kg / ha
2014-10-07 19:00:00-05:00,Clemson University Pee Dee Research and Education Center,Florence,34.289,-79.737,Sorghum bicolor,PI651497,59300.0,kg / ha
2014-10-12 19:00:00-05:00,Clemson University Pee Dee Research and Education Center,Florence,34.289,-79.737,Sorghum bicolor,PI329310,59500.0,kg / ha
2014-10-11 19:00:00-05:00,Clemson University Pee Dee Research and Education Center,Florence,34.289,-79.737,Sorghum bicolor,PI330168,60400.0,kg / ha
2014-10-04 19:00:00-05:00,Clemson University Pee Dee Research and Education Center,Florence,34.289,-79.737,Sorghum bicolor,PI329256,60600.0,kg / ha
2014-10-10 19:00:00-05:00,Clemson University Pee Dee Research and Education Center,Florence,34.289,-79.737,Sorghum bicolor,PI329511,61500.0,kg / ha
2014-10-06 19:00:00-05:00,Clemson University Pee Dee Research and Education Center,Florence,34.289,-79.737,Sorghum bicolor,PI329299,62000.0,kg / ha
2014-10-07 19:00:00-05:00,Clemson University Pee Dee Research and Education Center,Florence,34.289,-79.737,Sorghum bicolor,PI563329,64200.0,kg / ha
2014-10-06 19:00:00-05:00,Clemson University Pee Dee Research and Education Center,Florence,34.289,-79.737,Sorghum bicolor,PI569452,68100.0,kg / ha
2014-10-11 19:00:00-05:00,Clemson University Pee Dee Research and Education Center,Florence,34.289,-79.737,Sorghum bicolor,PI196049,69200.0,kg / ha
2014-10-11 19:00:00-05:00,Clemson University Pee Dee Research and Education Center,Florence,34.289,-79.737,Sorghum bicolor,PI329394,69500.0,kg / ha
2014-10-09 19:00:00-05:00,Clemson University Pee Dee Research and Education Center,Florence,34.289,-79.737,Sorghum bicolor,PI455217,71300.0,kg / ha
2014-10-08 19:00:00-05:00,Clemson University Pee Dee Research and Education Center,Florence,34.289,-79.737,Sorghum bicolor,PI452692,71700.0,kg / ha
2014-10-07 19:00:00-05:00,Clemson University Pee Dee Research and Education Center,Florence,34.289,-79.737,Sorghum bicolor,PI329403,75600.0,kg / ha
2014-10-08 19:00:00-05:00,Clemson University Pee Dee Research and Education Center,Florence,34.289,-79.737,Sorghum bicolor,PI562732,75800.0,kg / ha
2014-10-04 19:00:00-05:00,Clemson University Pee Dee Research and Education Center,Florence,34.289,-79.737,Sorghum bicolor,PI330185,77100.0,kg / ha
2014-10-06 19:00:00-05:00,Clemson University Pee Dee Research and Education Center,Florence,34.289,-79.737,Sorghum bicolor,PI569148,78300.0,kg / ha
2014-10-09 19:00:00-05:00,Clemson University Pee Dee Research and Education Center,Florence,34.289,-79.737,Sorghum bicolor,PI452544,78700.0,kg / ha
2014-10-08 19:00:00-05:00,Clemson University Pee Dee Research and Education Center,Florence,34.289,-79.737,Sorghum bicolor,PI563332,79600.0,kg / ha
2014-10-10 19:00:00-05:00,Clemson University Pee Dee Research and Education Center,Florence,34.289,-79.737,Sorghum bicolor,PI156268,81700.0,kg / ha
2014-10-09 19:00:00-05:00,Clemson University Pee Dee Research and Education Center,Florence,34.289,-79.737,Sorghum bicolor,PI563330,87800.0,kg / ha
2014-10-10 19:00:00-05:00,Clemson University Pee Dee Research and Education Center,Florence,34.289,-79.737,Sorghum bicolor,PI329843,90300.0,kg / ha
2014-10-04 19:00:00-05:00,Clemson University Pee Dee Research and Education Center,Florence,34.289,-79.737,Sorghum bicolor,PI569097,90300.0,kg / ha
2014-10-05 19:00:00-05:00,Clemson University Pee Dee Research and Education Center,Florence,34.289,-79.737,Sorghum bicolor,PI453696,90700.0,kg / ha
2014-10-10 19:00:00-05:00,Clemson University Pee Dee Research and Education Center,Florence,34.289,-79.737,Sorghum bicolor,PI330182,103000.0,kg / ha
2014-10-15 19:00:00-05:00,Clemson University Pee Dee Research and Education Center,Florence,34.289,-79.737,Sorghum bicolor,PI330181,125000.0,kg / ha
